{"initial_reset_timestamp": 1640017282.5851474, "episode_types": ["t", "t", "t", "t", "t", "t", "t", "t", "t", "t", "t", "t", "t", "t", "t", "t", "t", "t", "t", "t", "t", "t", "t", "t", "t", "t", "t", "t", "t", "t", "t", "t", "t", "t", "t", "t", "t", "t", "t", "t", "t", "t", "t", "t", "t", "t", "t", "t", "t", "t", "t", "t", "t", "t", "t", "t", "t", "t", "t", "t", "t", "t", "t", "t", "t", "t", "t", "t", "t", "t", "t", "t", "t", "t", "t", "t", "t", "t", "t", "t"], "episode_rewards": [24.0, 14.0, 37.0, 22.0, 18.0, 14.0, 23.0, 20.0, 27.0, 32.0, 11.0, 12.0, 25.0, 33.0, 23.0, 28.0, 50.0, 29.0, 165.0, 13.0, 135.0, 200.0, 200.0, 200.0, 200.0, 200.0, 200.0, 200.0, 200.0, 200.0, 200.0, 200.0, 200.0, 200.0, 200.0, 200.0, 200.0, 200.0, 200.0, 200.0, 200.0, 200.0, 200.0, 200.0, 200.0, 200.0, 200.0, 199.0, 200.0, 200.0, 196.0, 200.0, 200.0, 200.0, 200.0, 200.0, 200.0, 200.0, 200.0, 200.0, 200.0, 200.0, 200.0, 200.0, 200.0, 200.0, 200.0, 200.0, 200.0, 200.0, 200.0, 200.0, 200.0, 200.0, 200.0, 200.0, 200.0, 200.0, 200.0], "episode_lengths": [24, 14, 37, 22, 18, 14, 23, 20, 27, 32, 11, 12, 25, 33, 23, 28, 50, 29, 165, 13, 135, 200, 200, 200, 200, 200, 200, 200, 200, 200, 200, 200, 200, 200, 200, 200, 200, 200, 200, 200, 200, 200, 200, 200, 200, 200, 200, 199, 200, 200, 196, 200, 200, 200, 200, 200, 200, 200, 200, 200, 200, 200, 200, 200, 200, 200, 200, 200, 200, 200, 200, 200, 200, 200, 200, 200, 200, 200, 200], "timestamps": [1640017282.801662, 1640017282.9444444, 1640017283.1268773, 1640017283.1904137, 1640017283.4882283, 1640017284.3237827, 1640017284.424922, 1640017284.4668133, 1640017284.5530066, 1640017284.6381216, 1640017284.6699276, 1640017285.0971906, 1640017285.1651542, 1640017285.256886, 1640017285.3188658, 1640017285.3880115, 1640017285.86359, 1640017285.9171605, 1640017287.1927147, 1640017287.258408, 1640017288.3515599, 1640017289.5194688, 1640017291.2049634, 1640017292.006129, 1640017293.3172753, 1640017295.3729377, 1640017296.7461207, 1640017298.417332, 1640017299.4384298, 1640017300.8367743, 1640017302.3729138, 1640017303.4577694, 1640017305.0781138, 1640017306.1544101, 1640017308.2573051, 1640017309.8236604, 1640017310.9946482, 1640017313.5601804, 1640017314.8039515, 1640017315.9440887, 1640017317.5250902, 1640017318.6958401, 1640017320.3654807, 1640017321.9705229, 1640017324.0035882, 1640017325.5445433, 1640017326.4539347, 1640017327.6284442, 1640017328.4364207, 1640017329.6171117, 1640017330.399873, 1640017333.3079875, 1640017336.394664, 1640017339.6070545, 1640017343.5671165, 1640017345.2747383, 1640017347.2216077, 1640017350.4590454, 1640017352.9228318, 1640017356.0760884, 1640017358.6721163, 1640017363.112601, 1640017368.0887299, 1640017370.4757345, 1640017374.425391, 1640017377.709958, 1640017381.9466352, 1640017386.4062788, 1640017388.9039154, 1640017393.1705449, 1640017395.640099, 1640017399.6911032, 1640017403.5021749, 1640017406.0218828, 1640017409.499792, 1640017412.8078105, 1640017416.7663338, 1640017420.7377257, 1640017423.1607592]}