{"initial_reset_timestamp": 1640017282.5841277, "episode_types": ["t", "t", "t", "t", "t", "t", "t", "t", "t", "t", "t", "t", "t", "t", "t", "t", "t", "t", "t", "t", "t", "t", "t", "t", "t", "t", "t", "t", "t", "t", "t", "t", "t", "t", "t", "t", "t", "t", "t", "t", "t", "t", "t", "t", "t", "t", "t", "t", "t", "t", "t", "t", "t", "t", "t", "t", "t", "t", "t", "t", "t", "t", "t", "t", "t", "t", "t", "t", "t", "t", "t", "t", "t", "t", "t", "t", "t"], "episode_rewards": [27.0, 21.0, 42.0, 36.0, 18.0, 18.0, 40.0, 12.0, 59.0, 12.0, 28.0, 45.0, 49.0, 24.0, 125.0, 71.0, 193.0, 41.0, 200.0, 200.0, 200.0, 200.0, 200.0, 200.0, 200.0, 200.0, 200.0, 200.0, 200.0, 200.0, 200.0, 200.0, 200.0, 200.0, 200.0, 200.0, 200.0, 200.0, 200.0, 200.0, 200.0, 200.0, 200.0, 180.0, 200.0, 200.0, 200.0, 200.0, 200.0, 200.0, 200.0, 200.0, 200.0, 200.0, 200.0, 200.0, 200.0, 200.0, 200.0, 200.0, 200.0, 200.0, 200.0, 200.0, 200.0, 200.0, 200.0, 200.0, 200.0, 200.0, 200.0, 200.0, 200.0, 200.0, 200.0, 200.0], "episode_lengths": [27, 21, 42, 36, 18, 18, 40, 12, 59, 12, 28, 45, 49, 24, 125, 71, 193, 41, 200, 200, 200, 200, 200, 200, 200, 200, 200, 200, 200, 200, 200, 200, 200, 200, 200, 200, 200, 200, 200, 200, 200, 200, 200, 180, 200, 200, 200, 200, 200, 200, 200, 200, 200, 200, 200, 200, 200, 200, 200, 200, 200, 200, 200, 200, 200, 200, 200, 200, 200, 200, 200, 200, 200, 200, 200, 200], "timestamps": [1640017282.8483527, 1640017282.9908485, 1640017283.170042, 1640017284.235348, 1640017284.3873594, 1640017284.4434261, 1640017284.5633416, 1640017284.5981433, 1640017285.1503131, 1640017285.1798701, 1640017285.2603333, 1640017285.370666, 1640017285.8515522, 1640017285.894371, 1640017286.9096186, 1640017287.7657108, 1640017288.4890733, 1640017288.5663974, 1640017290.3006957, 1640017291.7986865, 1640017292.5747726, 1640017294.1265113, 1640017295.755533, 1640017297.6830907, 1640017299.1165195, 1640017300.2808244, 1640017301.5214236, 1640017302.5563672, 1640017304.32, 1640017305.8871636, 1640017306.9702282, 1640017309.030793, 1640017310.0877063, 1640017312.4650042, 1640017314.6001117, 1640017315.3437216, 1640017316.7783554, 1640017317.7187922, 1640017319.4279351, 1640017321.6046495, 1640017323.0380356, 1640017324.7025719, 1640017325.7765672, 1640017327.0380542, 1640017327.8174577, 1640017328.9943426, 1640017330.2061825, 1640017331.126452, 1640017334.6595926, 1640017337.2829266, 1640017341.9240184, 1640017344.9922824, 1640017345.8821018, 1640017348.7871673, 1640017351.156027, 1640017354.4720936, 1640017357.742404, 1640017360.748901, 1640017365.7618043, 1640017368.7438276, 1640017372.1888433, 1640017376.5941625, 1640017379.958095, 1640017383.8653471, 1640017387.4052033, 1640017390.9216337, 1640017394.673104, 1640017397.7327032, 1640017401.2932174, 1640017404.111763, 1640017407.66277, 1640017411.6830525, 1640017414.8260264, 1640017418.911061, 1640017421.4443195, 1640017424.8963232]}