{"initial_reset_timestamp": 1640017282.5935855, "episode_types": ["t", "t", "t", "t", "t", "t", "t", "t", "t", "t", "t", "t", "t", "t", "t", "t", "t", "t", "t", "t", "t", "t", "t", "t", "t", "t", "t", "t", "t", "t", "t", "t", "t", "t", "t", "t", "t", "t", "t", "t", "t", "t", "t", "t", "t", "t", "t", "t", "t", "t", "t", "t", "t", "t", "t", "t", "t", "t", "t", "t", "t", "t", "t", "t", "t", "t", "t", "t", "t", "t", "t", "t", "t", "t", "t", "t", "t"], "episode_rewards": [31.0, 16.0, 29.0, 14.0, 31.0, 13.0, 44.0, 37.0, 22.0, 17.0, 24.0, 12.0, 75.0, 23.0, 52.0, 55.0, 157.0, 200.0, 180.0, 200.0, 200.0, 200.0, 200.0, 200.0, 200.0, 200.0, 200.0, 200.0, 200.0, 200.0, 200.0, 200.0, 200.0, 200.0, 200.0, 200.0, 200.0, 200.0, 200.0, 200.0, 200.0, 200.0, 200.0, 200.0, 200.0, 200.0, 181.0, 200.0, 200.0, 200.0, 200.0, 200.0, 200.0, 200.0, 200.0, 200.0, 200.0, 200.0, 200.0, 200.0, 200.0, 200.0, 200.0, 200.0, 200.0, 200.0, 200.0, 200.0, 200.0, 200.0, 200.0, 200.0, 200.0, 200.0, 200.0, 200.0], "episode_lengths": [31, 16, 29, 14, 31, 13, 44, 37, 22, 17, 24, 12, 75, 23, 52, 55, 157, 200, 180, 200, 200, 200, 200, 200, 200, 200, 200, 200, 200, 200, 200, 200, 200, 200, 200, 200, 200, 200, 200, 200, 200, 200, 200, 200, 200, 200, 181, 200, 200, 200, 200, 200, 200, 200, 200, 200, 200, 200, 200, 200, 200, 200, 200, 200, 200, 200, 200, 200, 200, 200, 200, 200, 200, 200, 200, 200], "timestamps": [1640017282.869001, 1640017282.9860568, 1640017283.1301146, 1640017283.1701686, 1640017283.5295064, 1640017284.3557172, 1640017284.490269, 1640017284.6011536, 1640017284.6554759, 1640017285.0973537, 1640017285.1611729, 1640017285.1975098, 1640017285.3962379, 1640017285.8197317, 1640017285.9117582, 1640017286.0364723, 1640017287.8196414, 1640017288.5479665, 1640017290.250985, 1640017291.3294215, 1640017292.5138824, 1640017293.9538908, 1640017295.6930056, 1640017297.596175, 1640017298.58511, 1640017300.231697, 1640017301.4578092, 1640017302.5092726, 1640017304.2028413, 1640017305.3093953, 1640017306.9090583, 1640017308.9520912, 1640017310.0243711, 1640017312.298429, 1640017313.8101645, 1640017315.28432, 1640017316.6616285, 1640017317.6750705, 1640017319.3420835, 1640017320.6542153, 1640017322.8439322, 1640017324.635008, 1640017325.7266347, 1640017327.0243504, 1640017327.8002594, 1640017328.9778178, 1640017329.7546911, 1640017330.9001455, 1640017334.467711, 1640017337.0047486, 1640017341.6828346, 1640017344.0095668, 1640017345.7864292, 1640017348.5600314, 1640017350.9016523, 1640017354.2698147, 1640017356.4414575, 1640017360.4910324, 1640017365.505759, 1640017368.5577815, 1640017372.0621946, 1640017375.2899656, 1640017379.69542, 1640017383.6505308, 1640017387.1106658, 1640017390.7629952, 1640017393.595388, 1640017397.4416654, 1640017401.0617661, 1640017403.9198341, 1640017407.4419942, 1640017410.1856308, 1640017414.6276956, 1640017418.711844, 1640017421.1883135, 1640017424.662521]}