{"initial_reset_timestamp": 1640017282.579376, "episode_types": ["t", "t", "t", "t", "t", "t", "t", "t", "t", "t", "t", "t", "t", "t", "t", "t", "t", "t", "t", "t", "t", "t", "t", "t", "t", "t", "t", "t", "t", "t", "t", "t", "t", "t", "t", "t", "t", "t", "t", "t", "t", "t", "t", "t", "t", "t", "t", "t", "t", "t", "t", "t", "t", "t", "t", "t", "t", "t", "t", "t", "t", "t", "t", "t", "t", "t", "t", "t", "t", "t", "t", "t", "t"], "episode_rewards": [27.0, 18.0, 43.0, 39.0, 32.0, 11.0, 24.0, 18.0, 24.0, 74.0, 84.0, 81.0, 137.0, 139.0, 166.0, 200.0, 200.0, 200.0, 200.0, 200.0, 200.0, 200.0, 200.0, 200.0, 200.0, 200.0, 200.0, 200.0, 200.0, 200.0, 200.0, 200.0, 200.0, 200.0, 200.0, 200.0, 200.0, 200.0, 200.0, 200.0, 188.0, 200.0, 200.0, 200.0, 200.0, 200.0, 200.0, 200.0, 200.0, 200.0, 200.0, 200.0, 200.0, 200.0, 200.0, 200.0, 200.0, 200.0, 200.0, 200.0, 200.0, 200.0, 200.0, 200.0, 200.0, 200.0, 200.0, 200.0, 200.0, 200.0, 200.0, 200.0], "episode_lengths": [27, 18, 43, 39, 32, 11, 24, 18, 24, 74, 84, 81, 137, 139, 166, 200, 200, 200, 200, 200, 200, 200, 200, 200, 200, 200, 200, 200, 200, 200, 200, 200, 200, 200, 200, 200, 200, 200, 200, 200, 188, 200, 200, 200, 200, 200, 200, 200, 200, 200, 200, 200, 200, 200, 200, 200, 200, 200, 200, 200, 200, 200, 200, 200, 200, 200, 200, 200, 200, 200, 200, 200], "timestamps": [1640017282.8467758, 1640017282.9752898, 1640017283.1635256, 1640017284.241188, 1640017284.4364724, 1640017284.4610798, 1640017284.5345275, 1640017284.5942488, 1640017284.6528697, 1640017285.250653, 1640017285.8321698, 1640017285.9921596, 1640017287.2222466, 1640017288.335781, 1640017289.3094037, 1640017290.4502468, 1640017291.930098, 1640017293.239632, 1640017294.56818, 1640017296.6454365, 1640017297.8560815, 1640017299.3067188, 1640017300.7686908, 1640017301.7038805, 1640017303.2609787, 1640017304.4915364, 1640017306.0534315, 1640017308.036936, 1640017309.1743376, 1640017310.889474, 1640017312.756638, 1640017314.7273107, 1640017315.8406575, 1640017316.934211, 1640017318.5946736, 1640017319.6839416, 1640017321.885218, 1640017323.9014332, 1640017324.8062177, 1640017326.32771, 1640017327.1454937, 1640017328.346266, 1640017329.476785, 1640017330.3182263, 1640017332.6244457, 1640017335.17699, 1640017339.2870324, 1640017343.2832615, 1640017345.1918135, 1640017347.0046844, 1640017349.4076736, 1640017352.5622103, 1640017355.727033, 1640017358.318765, 1640017362.6653364, 1640017366.4353685, 1640017370.1552992, 1640017373.8405366, 1640017377.3904674, 1640017381.6409726, 1640017384.3253436, 1640017388.6684363, 1640017392.797917, 1640017395.2411504, 1640017399.4353893, 1640017401.9501827, 1640017405.6702392, 1640017409.1377645, 1640017412.34739, 1640017416.3295832, 1640017419.3432782, 1640017422.838444]}