{"initial_reset_timestamp": 1640017282.591686, "episode_types": ["t", "t", "t", "t", "t", "t", "t", "t", "t", "t", "t", "t", "t", "t", "t", "t", "t", "t", "t", "t", "t", "t", "t", "t", "t", "t", "t", "t", "t", "t", "t", "t", "t", "t", "t", "t", "t", "t", "t", "t", "t", "t", "t", "t", "t", "t", "t", "t", "t", "t", "t", "t", "t", "t", "t", "t", "t", "t", "t", "t", "t", "t", "t", "t", "t", "t", "t", "t", "t", "t", "t", "t", "t", "t", "t", "t", "t", "t", "t", "t", "t"], "episode_rewards": [19.0, 46.0, 15.0, 12.0, 20.0, 22.0, 15.0, 13.0, 25.0, 23.0, 43.0, 35.0, 40.0, 25.0, 101.0, 61.0, 64.0, 16.0, 74.0, 157.0, 191.0, 85.0, 200.0, 200.0, 200.0, 97.0, 200.0, 139.0, 200.0, 200.0, 200.0, 200.0, 200.0, 200.0, 200.0, 200.0, 200.0, 200.0, 200.0, 200.0, 150.0, 200.0, 200.0, 200.0, 200.0, 200.0, 200.0, 200.0, 200.0, 200.0, 200.0, 200.0, 200.0, 200.0, 200.0, 200.0, 200.0, 200.0, 200.0, 200.0, 200.0, 200.0, 200.0, 200.0, 200.0, 200.0, 200.0, 200.0, 200.0, 200.0, 200.0, 186.0, 200.0, 200.0, 200.0, 200.0, 200.0, 200.0, 200.0, 200.0], "episode_lengths": [19, 46, 15, 12, 20, 22, 15, 13, 25, 23, 43, 35, 40, 25, 101, 61, 64, 16, 74, 157, 191, 85, 200, 200, 200, 97, 200, 139, 200, 200, 200, 200, 200, 200, 200, 200, 200, 200, 200, 200, 150, 200, 200, 200, 200, 200, 200, 200, 200, 200, 200, 200, 200, 200, 200, 200, 200, 200, 200, 200, 200, 200, 200, 200, 200, 200, 200, 200, 200, 200, 200, 186, 200, 200, 200, 200, 200, 200, 200, 200], "timestamps": [1640017282.7375162, 1640017283.0759988, 1640017283.144357, 1640017283.1775415, 1640017283.377142, 1640017284.353472, 1640017284.415847, 1640017284.4435124, 1640017284.5165806, 1640017284.5890002, 1640017285.0922892, 1640017285.190114, 1640017285.2985926, 1640017285.3580263, 1640017285.9441185, 1640017286.6301162, 1640017287.0283058, 1640017287.1235917, 1640017287.8458905, 1640017288.4993017, 1640017290.2241063, 1640017290.404296, 1640017291.883688, 1640017293.1911044, 1640017294.510485, 1640017295.5047565, 1640017296.8361738, 1640017298.3857758, 1640017299.3866453, 1640017300.8069422, 1640017301.755687, 1640017303.391591, 1640017305.0377548, 1640017306.1068048, 1640017308.1903925, 1640017309.2378113, 1640017310.9567153, 1640017313.5029259, 1640017314.7679958, 1640017315.8951678, 1640017316.8504605, 1640017318.5051737, 1640017319.5427964, 1640017321.7948902, 1640017323.1254659, 1640017324.7592053, 1640017326.2590237, 1640017327.1215527, 1640017328.3159652, 1640017329.0786211, 1640017330.2906716, 1640017332.4916832, 1640017335.0110466, 1640017339.1502354, 1640017342.162528, 1640017345.152935, 1640017346.9075885, 1640017349.2876563, 1640017352.4685392, 1640017354.7600107, 1640017358.1114993, 1640017362.5039334, 1640017366.288369, 1640017370.0154746, 1640017372.4787295, 1640017377.2050498, 1640017381.5368862, 1640017384.1565082, 1640017388.5740924, 1640017391.4418461, 1640017395.0812664, 1640017398.0611765, 1640017401.6162932, 1640017405.39175, 1640017407.9981465, 1640017412.01708, 1640017415.1267104, 1640017419.1235464, 1640017422.641129, 1640017425.124659]}