{"initial_reset_timestamp": 1640017282.5905812, "episode_types": ["t", "t", "t", "t", "t", "t", "t", "t", "t", "t", "t", "t", "t", "t", "t", "t", "t", "t", "t", "t", "t", "t", "t", "t", "t", "t", "t", "t", "t", "t", "t", "t", "t", "t", "t", "t", "t", "t", "t", "t", "t", "t", "t", "t", "t", "t", "t", "t", "t", "t", "t", "t", "t", "t", "t", "t", "t", "t", "t", "t", "t", "t", "t", "t", "t", "t", "t", "t", "t", "t", "t", "t", "t", "t", "t", "t", "t", "t", "t", "t"], "episode_rewards": [34.0, 26.0, 17.0, 28.0, 18.0, 16.0, 40.0, 23.0, 67.0, 27.0, 46.0, 35.0, 52.0, 17.0, 52.0, 57.0, 30.0, 26.0, 68.0, 39.0, 124.0, 200.0, 200.0, 200.0, 200.0, 146.0, 200.0, 200.0, 200.0, 200.0, 200.0, 200.0, 200.0, 200.0, 200.0, 200.0, 200.0, 200.0, 200.0, 200.0, 200.0, 200.0, 200.0, 200.0, 200.0, 200.0, 200.0, 200.0, 200.0, 200.0, 200.0, 200.0, 200.0, 200.0, 200.0, 200.0, 200.0, 200.0, 200.0, 200.0, 200.0, 200.0, 200.0, 200.0, 200.0, 200.0, 193.0, 200.0, 200.0, 200.0, 200.0, 200.0, 200.0, 200.0, 200.0, 200.0, 200.0, 200.0, 200.0], "episode_lengths": [34, 26, 17, 28, 18, 16, 40, 23, 67, 27, 46, 35, 52, 17, 52, 57, 30, 26, 68, 39, 124, 200, 200, 200, 200, 146, 200, 200, 200, 200, 200, 200, 200, 200, 200, 200, 200, 200, 200, 200, 200, 200, 200, 200, 200, 200, 200, 200, 200, 200, 200, 200, 200, 200, 200, 200, 200, 200, 200, 200, 200, 200, 200, 200, 200, 200, 193, 200, 200, 200, 200, 200, 200, 200, 200, 200, 200, 200, 200], "timestamps": [1640017282.9023557, 1640017283.0506043, 1640017283.133889, 1640017283.2083478, 1640017283.5417883, 1640017284.3732834, 1640017284.493581, 1640017284.563472, 1640017285.1386027, 1640017285.2186706, 1640017285.3372016, 1640017285.7880466, 1640017285.8903985, 1640017285.9283779, 1640017286.043004, 1640017286.8960528, 1640017287.0616171, 1640017287.2194436, 1640017287.8683746, 1640017287.9469066, 1640017288.5275245, 1640017290.2709188, 1640017291.354411, 1640017292.5412514, 1640017294.0296185, 1640017295.4497595, 1640017296.8161812, 1640017298.4997742, 1640017300.1494207, 1640017300.8980398, 1640017302.435605, 1640017303.5157473, 1640017305.1935585, 1640017306.8033545, 1640017308.3679426, 1640017309.9200065, 1640017311.1003726, 1640017313.661406, 1640017315.2143543, 1640017316.008778, 1640017317.589674, 1640017318.7567148, 1640017320.4764357, 1640017322.6734178, 1640017324.0834348, 1640017325.6391554, 1640017326.5411344, 1640017327.70942, 1640017328.8710175, 1640017329.7020004, 1640017330.8328085, 1640017333.5913234, 1640017336.7200758, 1640017341.3597202, 1640017343.813771, 1640017345.7290144, 1640017347.416583, 1640017350.685994, 1640017354.152177, 1640017356.309772, 1640017360.2093852, 1640017363.609644, 1640017368.3758218, 1640017371.909191, 1640017375.0033057, 1640017379.3877535, 1640017382.1744928, 1640017386.7763906, 1640017390.4646451, 1640017393.3812864, 1640017397.0651681, 1640017399.8801548, 1640017403.6950614, 1640017407.2053163, 1640017409.834152, 1640017414.3797762, 1640017417.0983646, 1640017420.9888024, 1640017424.4373112]}