{"initial_reset_timestamp": 1640017282.589759, "episode_types": ["t", "t", "t", "t", "t", "t", "t", "t", "t", "t", "t", "t", "t", "t", "t", "t", "t", "t", "t", "t", "t", "t", "t", "t", "t", "t", "t", "t", "t", "t", "t", "t", "t", "t", "t", "t", "t", "t", "t", "t", "t", "t", "t", "t", "t", "t", "t", "t", "t", "t", "t", "t", "t", "t", "t", "t", "t", "t", "t", "t", "t", "t", "t", "t", "t", "t", "t", "t", "t", "t", "t", "t", "t"], "episode_rewards": [81.0, 42.0, 22.0, 52.0, 26.0, 48.0, 49.0, 64.0, 24.0, 34.0, 30.0, 200.0, 200.0, 200.0, 200.0, 19.0, 200.0, 200.0, 200.0, 200.0, 200.0, 200.0, 200.0, 200.0, 200.0, 200.0, 200.0, 200.0, 200.0, 200.0, 200.0, 200.0, 200.0, 200.0, 200.0, 180.0, 200.0, 200.0, 200.0, 200.0, 200.0, 200.0, 200.0, 200.0, 200.0, 200.0, 194.0, 200.0, 200.0, 200.0, 200.0, 200.0, 200.0, 200.0, 200.0, 178.0, 200.0, 200.0, 200.0, 200.0, 200.0, 200.0, 200.0, 191.0, 200.0, 168.0, 200.0, 200.0, 200.0, 200.0, 200.0, 200.0], "episode_lengths": [81, 42, 22, 52, 26, 48, 49, 64, 24, 34, 30, 200, 200, 200, 200, 19, 200, 200, 200, 200, 200, 200, 200, 200, 200, 200, 200, 200, 200, 200, 200, 200, 200, 200, 200, 180, 200, 200, 200, 200, 200, 200, 200, 200, 200, 200, 194, 200, 200, 200, 200, 200, 200, 200, 200, 178, 200, 200, 200, 200, 200, 200, 200, 191, 200, 168, 200, 200, 200, 200, 200, 200], "timestamps": [1640017283.1495643, 1640017283.540333, 1640017284.3900895, 1640017284.5467513, 1640017284.6220782, 1640017285.144548, 1640017285.276203, 1640017285.802274, 1640017285.8543391, 1640017285.9172485, 1640017285.983691, 1640017287.854487, 1640017288.5828042, 1640017290.3261425, 1640017291.8223376, 1640017291.863864, 1640017292.6729615, 1640017294.40978, 1640017296.453546, 1640017297.7758796, 1640017299.2171235, 1640017300.3430996, 1640017301.6430895, 1640017303.1163232, 1640017304.407229, 1640017305.977185, 1640017307.0430188, 1640017309.1045365, 1640017310.7749467, 1640017312.624949, 1640017314.6577013, 1640017315.3977916, 1640017316.8587914, 1640017318.5182133, 1640017319.5582392, 1640017321.6978652, 1640017323.067882, 1640017324.723526, 1640017325.7995286, 1640017327.0968337, 1640017328.273138, 1640017329.0456648, 1640017330.2564027, 1640017331.3018339, 1640017334.8956215, 1640017338.9676263, 1640017342.0516331, 1640017345.081583, 1640017346.0034149, 1640017349.063259, 1640017352.3026192, 1640017354.6213658, 1640017357.9098468, 1640017360.9460044, 1640017366.0342615, 1640017368.7581673, 1640017372.205979, 1640017376.6137636, 1640017379.9745631, 1640017383.8899236, 1640017387.4169254, 1640017390.9463243, 1640017394.6944218, 1640017397.6701205, 1640017401.2352593, 1640017403.831522, 1640017407.3429258, 1640017410.0631847, 1640017414.5377388, 1640017418.5957246, 1640017421.114919, 1640017424.5975788]}