{"initial_reset_timestamp": 1640017282.579392, "episode_types": ["t", "t", "t", "t", "t", "t", "t", "t", "t", "t", "t", "t", "t", "t", "t", "t", "t", "t", "t", "t", "t", "t", "t", "t", "t", "t", "t", "t", "t", "t", "t", "t", "t", "t", "t", "t", "t", "t", "t", "t", "t", "t", "t", "t", "t", "t", "t", "t", "t", "t", "t", "t", "t", "t", "t", "t", "t", "t", "t", "t", "t", "t", "t", "t", "t", "t", "t", "t", "t", "t", "t", "t", "t", "t", "t", "t", "t", "t", "t"], "episode_rewards": [26.0, 47.0, 19.0, 23.0, 14.0, 11.0, 35.0, 28.0, 21.0, 16.0, 41.0, 15.0, 42.0, 19.0, 16.0, 16.0, 42.0, 190.0, 112.0, 200.0, 200.0, 142.0, 200.0, 200.0, 200.0, 200.0, 200.0, 200.0, 200.0, 200.0, 200.0, 200.0, 200.0, 200.0, 200.0, 200.0, 200.0, 200.0, 200.0, 190.0, 181.0, 195.0, 200.0, 200.0, 200.0, 200.0, 200.0, 190.0, 200.0, 200.0, 200.0, 200.0, 200.0, 200.0, 200.0, 200.0, 200.0, 200.0, 200.0, 200.0, 200.0, 200.0, 200.0, 200.0, 200.0, 200.0, 200.0, 200.0, 200.0, 200.0, 200.0, 200.0, 200.0, 154.0, 200.0, 200.0, 200.0, 200.0], "episode_lengths": [26, 47, 19, 23, 14, 11, 35, 28, 21, 16, 41, 15, 42, 19, 16, 16, 42, 190, 112, 200, 200, 142, 200, 200, 200, 200, 200, 200, 200, 200, 200, 200, 200, 200, 200, 200, 200, 200, 200, 190, 181, 195, 200, 200, 200, 200, 200, 190, 200, 200, 200, 200, 200, 200, 200, 200, 200, 200, 200, 200, 200, 200, 200, 200, 200, 200, 200, 200, 200, 200, 200, 200, 200, 154, 200, 200, 200, 200], "timestamps": [1640017282.8231807, 1640017283.1215806, 1640017283.1772065, 1640017283.4882185, 1640017284.3237722, 1640017284.376026, 1640017284.4831703, 1640017284.5708754, 1640017284.62467, 1640017284.6635435, 1640017285.1695545, 1640017285.2183874, 1640017285.3281043, 1640017285.3675678, 1640017285.4162807, 1640017285.8236866, 1640017285.8942294, 1640017287.2711852, 1640017287.9991035, 1640017289.3834596, 1640017291.1563766, 1640017291.8287392, 1640017292.609378, 1640017294.2710164, 1640017295.8098857, 1640017297.7203076, 1640017299.15915, 1640017300.3074772, 1640017301.5761042, 1640017302.5825756, 1640017304.3592467, 1640017305.9215884, 1640017307.0081198, 1640017309.0612113, 1640017310.1213667, 1640017312.506837, 1640017314.6280353, 1640017315.3693202, 1640017316.8152137, 1640017317.7263215, 1640017319.3873365, 1640017320.682377, 1640017322.925939, 1640017324.6561394, 1640017325.7429714, 1640017327.0378885, 1640017327.817334, 1640017328.9739099, 1640017330.1756344, 1640017331.0526307, 1640017334.591285, 1640017337.1917691, 1640017341.8680131, 1640017344.943238, 1640017345.8567314, 1640017348.642585, 1640017351.0621545, 1640017354.4108093, 1640017357.657079, 1640017360.6616223, 1640017365.6682336, 1640017368.6723433, 1640017372.1401563, 1640017376.4851794, 1640017379.863111, 1640017383.7890372, 1640017387.3166137, 1640017390.8665776, 1640017394.5771935, 1640017397.6461062, 1640017401.2111454, 1640017404.0378175, 1640017407.5801904, 1640017409.8748474, 1640017414.4082522, 1640017417.1394174, 1640017421.0091124, 1640017424.4805114]}