{"initial_reset_timestamp": 1640017282.585568, "episode_types": ["t", "t", "t", "t", "t", "t", "t", "t", "t", "t", "t", "t", "t", "t", "t", "t", "t", "t", "t", "t", "t", "t", "t", "t", "t", "t", "t", "t", "t", "t", "t", "t", "t", "t", "t", "t", "t", "t", "t", "t", "t", "t", "t", "t", "t", "t", "t", "t", "t", "t", "t", "t", "t", "t", "t", "t", "t", "t", "t", "t", "t", "t", "t", "t", "t", "t", "t", "t", "t", "t", "t", "t", "t", "t", "t", "t", "t", "t", "t", "t"], "episode_rewards": [15.0, 29.0, 15.0, 19.0, 15.0, 22.0, 17.0, 10.0, 54.0, 38.0, 19.0, 24.0, 33.0, 16.0, 32.0, 16.0, 78.0, 14.0, 37.0, 200.0, 46.0, 200.0, 200.0, 200.0, 200.0, 200.0, 200.0, 200.0, 200.0, 200.0, 200.0, 200.0, 200.0, 200.0, 200.0, 200.0, 200.0, 200.0, 200.0, 200.0, 200.0, 200.0, 200.0, 200.0, 200.0, 200.0, 200.0, 200.0, 200.0, 200.0, 200.0, 200.0, 200.0, 200.0, 200.0, 200.0, 200.0, 200.0, 200.0, 200.0, 200.0, 200.0, 200.0, 200.0, 200.0, 200.0, 200.0, 200.0, 200.0, 200.0, 200.0, 200.0, 200.0, 200.0, 200.0, 200.0, 200.0, 200.0, 200.0], "episode_lengths": [15, 29, 15, 19, 15, 22, 17, 10, 54, 38, 19, 24, 33, 16, 32, 16, 78, 14, 37, 200, 46, 200, 200, 200, 200, 200, 200, 200, 200, 200, 200, 200, 200, 200, 200, 200, 200, 200, 200, 200, 200, 200, 200, 200, 200, 200, 200, 200, 200, 200, 200, 200, 200, 200, 200, 200, 200, 200, 200, 200, 200, 200, 200, 200, 200, 200, 200, 200, 200, 200, 200, 200, 200, 200, 200, 200, 200, 200, 200], "timestamps": [1640017282.712893, 1640017282.9681919, 1640017283.0434463, 1640017283.1384227, 1640017283.1831994, 1640017283.4900727, 1640017284.3461368, 1640017284.3823164, 1640017284.5434282, 1640017284.6489034, 1640017285.0920918, 1640017285.1582305, 1640017285.2519488, 1640017285.2935953, 1640017285.371784, 1640017285.4204147, 1640017285.9397495, 1640017285.9643898, 1640017286.5627232, 1640017287.9174213, 1640017288.027549, 1640017289.4714916, 1640017291.1953042, 1640017291.993319, 1640017293.3024538, 1640017294.6388826, 1640017296.7315607, 1640017298.406586, 1640017299.4189022, 1640017300.8259273, 1640017301.7881124, 1640017303.438102, 1640017305.0647078, 1640017306.1389968, 1640017308.2391984, 1640017309.265156, 1640017310.9837058, 1640017313.547897, 1640017314.787442, 1640017315.9249816, 1640017317.0287812, 1640017318.684976, 1640017320.3490996, 1640017321.9567354, 1640017323.9856288, 1640017324.8727553, 1640017326.4381523, 1640017327.6182034, 1640017328.4273515, 1640017329.6063778, 1640017330.3961687, 1640017333.298425, 1640017336.3740115, 1640017339.6009715, 1640017343.5552676, 1640017345.2715495, 1640017347.2113829, 1640017350.4468505, 1640017352.9175742, 1640017356.069884, 1640017358.6640399, 1640017363.1022582, 1640017368.0835955, 1640017370.4696522, 1640017374.4037027, 1640017377.7042298, 1640017381.9379308, 1640017386.392996, 1640017388.891829, 1640017393.162613, 1640017395.6350813, 1640017399.6840482, 1640017403.4904735, 1640017406.0105693, 1640017409.4903946, 1640017412.7829375, 1640017416.7543278, 1640017420.7331743, 1640017423.1488929]}