{"initial_reset_timestamp": 1640017282.5850139, "episode_types": ["t", "t", "t", "t", "t", "t", "t", "t", "t", "t", "t", "t", "t", "t", "t", "t", "t", "t", "t", "t", "t", "t", "t", "t", "t", "t", "t", "t", "t", "t", "t", "t", "t", "t", "t", "t", "t", "t", "t", "t", "t", "t", "t", "t", "t", "t", "t", "t", "t", "t", "t", "t", "t", "t", "t", "t", "t", "t", "t", "t", "t", "t", "t", "t", "t", "t", "t", "t", "t", "t", "t", "t", "t", "t", "t", "t", "t", "t", "t"], "episode_rewards": [19.0, 14.0, 11.0, 18.0, 38.0, 19.0, 32.0, 30.0, 14.0, 27.0, 19.0, 46.0, 28.0, 52.0, 100.0, 59.0, 34.0, 24.0, 96.0, 48.0, 200.0, 200.0, 200.0, 200.0, 200.0, 200.0, 200.0, 195.0, 200.0, 200.0, 200.0, 200.0, 200.0, 200.0, 200.0, 200.0, 200.0, 200.0, 200.0, 200.0, 200.0, 200.0, 200.0, 200.0, 200.0, 200.0, 200.0, 200.0, 200.0, 200.0, 200.0, 200.0, 198.0, 200.0, 200.0, 200.0, 200.0, 200.0, 200.0, 200.0, 200.0, 200.0, 200.0, 200.0, 200.0, 200.0, 200.0, 200.0, 200.0, 200.0, 200.0, 200.0, 200.0, 200.0, 200.0, 200.0, 200.0, 200.0], "episode_lengths": [19, 14, 11, 18, 38, 19, 32, 30, 14, 27, 19, 46, 28, 52, 100, 59, 34, 24, 96, 48, 200, 200, 200, 200, 200, 200, 200, 195, 200, 200, 200, 200, 200, 200, 200, 200, 200, 200, 200, 200, 200, 200, 200, 200, 200, 200, 200, 200, 200, 200, 200, 200, 198, 200, 200, 200, 200, 200, 200, 200, 200, 200, 200, 200, 200, 200, 200, 200, 200, 200, 200, 200, 200, 200, 200, 200, 200, 200], "timestamps": [1640017282.7355423, 1640017282.8871517, 1640017282.9686463, 1640017283.0596523, 1640017283.1974807, 1640017283.5192373, 1640017284.421306, 1640017284.4977183, 1640017284.5392385, 1640017284.6188576, 1640017284.6663408, 1640017285.1854982, 1640017285.2646616, 1640017285.401951, 1640017285.9669993, 1640017286.7469997, 1640017286.9224336, 1640017287.0549781, 1640017287.8716912, 1640017287.9676113, 1640017289.3537843, 1640017291.136192, 1640017291.947361, 1640017293.258291, 1640017294.590889, 1640017296.6915047, 1640017298.3296258, 1640017299.3334818, 1640017300.7817078, 1640017301.7191129, 1640017303.2916327, 1640017304.521741, 1640017306.0704706, 1640017308.0890603, 1640017309.1908467, 1640017310.9039586, 1640017312.8139048, 1640017314.7409198, 1640017315.8574514, 1640017316.951475, 1640017318.6201646, 1640017319.7027845, 1640017321.8991663, 1640017323.9223418, 1640017324.8194067, 1640017326.3507404, 1640017327.177637, 1640017328.3775613, 1640017329.550502, 1640017330.3509567, 1640017332.8671772, 1640017335.3241715, 1640017339.3907616, 1640017343.3766365, 1640017345.216447, 1640017347.0919323, 1640017349.5381794, 1640017352.655365, 1640017355.8516254, 1640017358.4077303, 1640017362.8279243, 1640017366.5773103, 1640017370.2851496, 1640017373.98025, 1640017377.555853, 1640017381.741708, 1640017384.4986172, 1640017388.750621, 1640017392.9093943, 1640017395.3906648, 1640017399.523231, 1640017402.1550565, 1640017405.7671633, 1640017409.290708, 1640017412.4966762, 1640017416.477175, 1640017419.4407122, 1640017422.9553561]}