{"initial_reset_timestamp": 1640017282.595886, "episode_types": ["t", "t", "t", "t", "t", "t", "t", "t", "t", "t", "t", "t", "t", "t", "t", "t", "t", "t", "t", "t", "t", "t", "t", "t", "t", "t", "t", "t", "t", "t", "t", "t", "t", "t", "t", "t", "t", "t", "t", "t", "t", "t", "t", "t", "t", "t", "t", "t", "t", "t", "t", "t", "t", "t", "t", "t", "t", "t", "t", "t", "t", "t", "t", "t", "t", "t", "t", "t", "t", "t", "t", "t", "t", "t", "t", "t", "t", "t", "t", "t"], "episode_rewards": [35.0, 9.0, 25.0, 20.0, 26.0, 27.0, 39.0, 24.0, 13.0, 19.0, 46.0, 11.0, 28.0, 53.0, 49.0, 34.0, 107.0, 19.0, 112.0, 200.0, 17.0, 200.0, 200.0, 200.0, 168.0, 200.0, 200.0, 200.0, 200.0, 200.0, 200.0, 200.0, 200.0, 200.0, 156.0, 170.0, 200.0, 166.0, 200.0, 200.0, 200.0, 200.0, 200.0, 200.0, 200.0, 200.0, 200.0, 200.0, 200.0, 200.0, 200.0, 200.0, 200.0, 200.0, 200.0, 171.0, 200.0, 200.0, 200.0, 200.0, 200.0, 200.0, 200.0, 200.0, 200.0, 200.0, 200.0, 200.0, 200.0, 200.0, 200.0, 200.0, 200.0, 200.0, 200.0, 200.0, 200.0, 200.0, 200.0], "episode_lengths": [35, 9, 25, 20, 26, 27, 39, 24, 13, 19, 46, 11, 28, 53, 49, 34, 107, 19, 112, 200, 17, 200, 200, 200, 168, 200, 200, 200, 200, 200, 200, 200, 200, 200, 156, 170, 200, 166, 200, 200, 200, 200, 200, 200, 200, 200, 200, 200, 200, 200, 200, 200, 200, 200, 200, 171, 200, 200, 200, 200, 200, 200, 200, 200, 200, 200, 200, 200, 200, 200, 200, 200, 200, 200, 200, 200, 200, 200, 200], "timestamps": [1640017282.9068916, 1640017282.9682288, 1640017283.0954425, 1640017283.1671596, 1640017283.4922779, 1640017284.38211, 1640017284.4974911, 1640017284.5771585, 1640017284.606388, 1640017284.6552255, 1640017285.174413, 1640017285.2107186, 1640017285.282764, 1640017285.4228606, 1640017285.881605, 1640017285.9511185, 1640017286.941943, 1640017287.055939, 1640017287.9033828, 1640017289.1886146, 1640017289.2878985, 1640017290.4364357, 1640017291.9221847, 1640017293.2289307, 1640017294.311625, 1640017296.3788304, 1640017297.7413256, 1640017299.1867998, 1640017300.3252578, 1640017301.608468, 1640017303.0425537, 1640017304.3757415, 1640017305.9396112, 1640017307.0226278, 1640017308.9689841, 1640017309.9606204, 1640017312.1753058, 1640017313.6131115, 1640017314.8338509, 1640017315.9796317, 1640017317.5677657, 1640017318.7305655, 1640017320.428055, 1640017322.0182261, 1640017324.0507324, 1640017325.6114542, 1640017326.5022538, 1640017327.6729422, 1640017328.4643662, 1640017329.6630917, 1640017330.8033168, 1640017333.5072653, 1640017336.6211002, 1640017339.7419822, 1640017343.723498, 1640017345.256753, 1640017347.1901624, 1640017350.3907728, 1640017352.883581, 1640017356.0287995, 1640017358.6048558, 1640017363.0275729, 1640017368.0418887, 1640017370.426771, 1640017374.3203835, 1640017377.680308, 1640017381.8867078, 1640017386.3295994, 1640017388.86264, 1640017393.1203609, 1640017395.5876079, 1640017399.6561766, 1640017403.4612105, 1640017405.9699073, 1640017409.4457307, 1640017412.7356071, 1640017416.6936116, 1640017420.7000935, 1640017423.1012936]}