{"initial_reset_timestamp": 1640017282.5897202, "episode_types": ["t", "t", "t", "t", "t", "t", "t", "t", "t", "t", "t", "t", "t", "t", "t", "t", "t", "t", "t", "t", "t", "t", "t", "t", "t", "t", "t", "t", "t", "t", "t", "t", "t", "t", "t", "t", "t", "t", "t", "t", "t", "t", "t", "t", "t", "t", "t", "t", "t", "t", "t", "t", "t", "t", "t", "t", "t", "t", "t", "t", "t", "t", "t", "t", "t", "t", "t", "t", "t", "t", "t", "t", "t", "t", "t", "t", "t", "t", "t", "t", "t"], "episode_rewards": [27.0, 44.0, 15.0, 29.0, 10.0, 13.0, 25.0, 11.0, 34.0, 21.0, 20.0, 56.0, 29.0, 39.0, 14.0, 25.0, 66.0, 49.0, 200.0, 65.0, 156.0, 200.0, 200.0, 133.0, 200.0, 94.0, 73.0, 200.0, 200.0, 200.0, 200.0, 200.0, 200.0, 200.0, 200.0, 200.0, 200.0, 200.0, 200.0, 200.0, 200.0, 181.0, 200.0, 200.0, 200.0, 200.0, 200.0, 200.0, 200.0, 200.0, 200.0, 200.0, 200.0, 200.0, 200.0, 200.0, 200.0, 184.0, 200.0, 200.0, 200.0, 200.0, 200.0, 200.0, 200.0, 200.0, 200.0, 200.0, 200.0, 200.0, 200.0, 197.0, 200.0, 200.0, 200.0, 200.0, 200.0, 200.0, 200.0, 200.0], "episode_lengths": [27, 44, 15, 29, 10, 13, 25, 11, 34, 21, 20, 56, 29, 39, 14, 25, 66, 49, 200, 65, 156, 200, 200, 133, 200, 94, 73, 200, 200, 200, 200, 200, 200, 200, 200, 200, 200, 200, 200, 200, 200, 181, 200, 200, 200, 200, 200, 200, 200, 200, 200, 200, 200, 200, 200, 200, 200, 184, 200, 200, 200, 200, 200, 200, 200, 200, 200, 200, 200, 200, 200, 197, 200, 200, 200, 200, 200, 200, 200, 200], "timestamps": [1640017282.8467546, 1640017283.1136115, 1640017283.159214, 1640017283.4902759, 1640017283.5477302, 1640017284.3680165, 1640017284.4472358, 1640017284.4745195, 1640017284.5848029, 1640017284.6338997, 1640017284.6889024, 1640017285.2379901, 1640017285.3154392, 1640017285.4175327, 1640017285.8152976, 1640017285.8609066, 1640017285.9980648, 1640017286.7536685, 1640017287.964589, 1640017288.441675, 1640017289.4600334, 1640017291.1917765, 1640017291.9899879, 1640017292.6427243, 1640017294.3094203, 1640017295.423182, 1640017295.7286887, 1640017297.6420848, 1640017298.6168485, 1640017300.2576752, 1640017301.4931514, 1640017302.534926, 1640017304.276427, 1640017305.3443878, 1640017306.941544, 1640017309.000123, 1640017310.0580347, 1640017312.401121, 1640017313.8786635, 1640017315.3197181, 1640017316.7345264, 1640017317.66833, 1640017319.3294415, 1640017320.6359904, 1640017322.8159807, 1640017324.6243203, 1640017325.7199795, 1640017327.01861, 1640017327.7929058, 1640017328.9696693, 1640017330.1625452, 1640017331.0419405, 1640017334.5776823, 1640017337.1703446, 1640017341.8522267, 1640017344.9335332, 1640017345.8509939, 1640017348.559921, 1640017350.8962872, 1640017354.269708, 1640017356.4376807, 1640017360.4910011, 1640017365.5001698, 1640017368.5571146, 1640017372.0591736, 1640017375.2882838, 1640017379.6950397, 1640017383.6451068, 1640017387.11035, 1640017390.760756, 1640017393.5918374, 1640017397.4042132, 1640017401.0241122, 1640017403.8936374, 1640017407.4141152, 1640017410.1506715, 1640017414.6075158, 1640017418.6759849, 1640017421.1628861, 1640017424.6450381]}