{"initial_reset_timestamp": 1640017282.5931942, "episode_types": ["t", "t", "t", "t", "t", "t", "t", "t", "t", "t", "t", "t", "t", "t", "t", "t", "t", "t", "t", "t", "t", "t", "t", "t", "t", "t", "t", "t", "t", "t", "t", "t", "t", "t", "t", "t", "t", "t", "t", "t", "t", "t", "t", "t", "t", "t", "t", "t", "t", "t", "t", "t", "t", "t", "t", "t", "t", "t", "t", "t", "t", "t", "t", "t", "t", "t", "t", "t", "t", "t", "t", "t", "t", "t", "t", "t", "t", "t"], "episode_rewards": [18.0, 25.0, 13.0, 21.0, 20.0, 15.0, 36.0, 19.0, 22.0, 11.0, 19.0, 9.0, 65.0, 39.0, 28.0, 20.0, 152.0, 200.0, 200.0, 200.0, 200.0, 200.0, 165.0, 199.0, 200.0, 200.0, 200.0, 200.0, 200.0, 200.0, 200.0, 200.0, 200.0, 191.0, 200.0, 159.0, 200.0, 200.0, 200.0, 200.0, 200.0, 200.0, 200.0, 200.0, 200.0, 200.0, 161.0, 200.0, 200.0, 200.0, 200.0, 200.0, 200.0, 195.0, 189.0, 200.0, 200.0, 200.0, 200.0, 200.0, 200.0, 200.0, 200.0, 200.0, 200.0, 200.0, 200.0, 200.0, 200.0, 200.0, 200.0, 200.0, 200.0, 175.0, 200.0, 200.0, 200.0], "episode_lengths": [18, 25, 13, 21, 20, 15, 36, 19, 22, 11, 19, 9, 65, 39, 28, 20, 152, 200, 200, 200, 200, 200, 165, 199, 200, 200, 200, 200, 200, 200, 200, 200, 200, 191, 200, 159, 200, 200, 200, 200, 200, 200, 200, 200, 200, 200, 161, 200, 200, 200, 200, 200, 200, 195, 189, 200, 200, 200, 200, 200, 200, 200, 200, 200, 200, 200, 200, 200, 200, 200, 200, 200, 200, 175, 200, 200, 200], "timestamps": [1640017282.7275257, 1640017282.9625182, 1640017283.02564, 1640017283.1339047, 1640017283.1905487, 1640017283.379113, 1640017284.4120665, 1640017284.4547606, 1640017284.5217266, 1640017284.5558503, 1640017284.6107728, 1640017284.6311429, 1640017285.2069514, 1640017285.306545, 1640017285.3793628, 1640017285.7943099, 1640017286.794882, 1640017287.993936, 1640017289.3710046, 1640017291.1528256, 1640017291.9548366, 1640017293.268391, 1640017294.4559047, 1640017296.4954603, 1640017297.7922704, 1640017299.2338214, 1640017300.3544393, 1640017301.65712, 1640017303.150625, 1640017304.4221663, 1640017305.9925704, 1640017307.1083958, 1640017309.115615, 1640017310.755526, 1640017312.5599024, 1640017313.8723793, 1640017315.3151536, 1640017316.726104, 1640017317.6960056, 1640017319.3875313, 1640017320.7002738, 1640017322.9753063, 1640017324.6686182, 1640017325.7518854, 1640017327.0538538, 1640017327.8288984, 1640017328.9021413, 1640017329.7417803, 1640017330.8667893, 1640017334.436569, 1640017336.958118, 1640017341.6280067, 1640017343.9543622, 1640017345.7583082, 1640017347.4376929, 1640017350.7034838, 1640017354.1664474, 1640017356.3236291, 1640017360.2466908, 1640017363.658145, 1640017368.3942952, 1640017371.9395967, 1640017375.0528898, 1640017379.4191651, 1640017382.2407243, 1640017386.8892698, 1640017390.5658672, 1640017393.4472365, 1640017397.1733449, 1640017399.941685, 1640017403.7702308, 1640017407.2776685, 1640017409.952537, 1640017414.2622423, 1640017416.9408755, 1640017420.8682702, 1640017423.2626917]}