{"initial_reset_timestamp": 1640017282.5963488, "episode_types": ["t", "t", "t", "t", "t", "t", "t", "t", "t", "t", "t", "t", "t", "t", "t", "t", "t", "t", "t", "t", "t", "t", "t", "t", "t", "t", "t", "t", "t", "t", "t", "t", "t", "t", "t", "t", "t", "t", "t", "t", "t", "t", "t", "t", "t", "t", "t", "t", "t", "t", "t", "t", "t", "t", "t", "t", "t", "t", "t", "t", "t", "t", "t", "t", "t", "t", "t", "t", "t", "t", "t", "t", "t", "t", "t", "t", "t", "t", "t"], "episode_rewards": [43.0, 16.0, 12.0, 9.0, 10.0, 15.0, 15.0, 22.0, 51.0, 28.0, 15.0, 52.0, 36.0, 36.0, 26.0, 93.0, 31.0, 89.0, 23.0, 170.0, 200.0, 195.0, 200.0, 200.0, 200.0, 200.0, 200.0, 200.0, 200.0, 200.0, 200.0, 200.0, 200.0, 200.0, 200.0, 200.0, 200.0, 200.0, 200.0, 180.0, 200.0, 200.0, 200.0, 200.0, 200.0, 200.0, 200.0, 200.0, 200.0, 200.0, 200.0, 200.0, 200.0, 200.0, 200.0, 200.0, 200.0, 200.0, 200.0, 200.0, 200.0, 200.0, 200.0, 200.0, 200.0, 200.0, 200.0, 200.0, 170.0, 200.0, 200.0, 200.0, 200.0, 200.0, 200.0, 200.0, 200.0, 200.0], "episode_lengths": [43, 16, 12, 9, 10, 15, 15, 22, 51, 28, 15, 52, 36, 36, 26, 93, 31, 89, 23, 170, 200, 195, 200, 200, 200, 200, 200, 200, 200, 200, 200, 200, 200, 200, 200, 200, 200, 200, 200, 180, 200, 200, 200, 200, 200, 200, 200, 200, 200, 200, 200, 200, 200, 200, 200, 200, 200, 200, 200, 200, 200, 200, 200, 200, 200, 200, 200, 200, 170, 200, 200, 200, 200, 200, 200, 200, 200, 200], "timestamps": [1640017282.9624321, 1640017283.044297, 1640017283.1149297, 1640017283.1439323, 1640017283.169838, 1640017283.2083237, 1640017283.5231192, 1640017284.3834832, 1640017284.5313382, 1640017284.6157196, 1640017284.6527507, 1640017285.1897085, 1640017285.2874265, 1640017285.3791971, 1640017285.8087015, 1640017286.001165, 1640017286.5922508, 1640017287.143631, 1640017287.2760081, 1640017288.442835, 1640017289.7506723, 1640017291.254454, 1640017292.4239213, 1640017293.3697317, 1640017295.4459517, 1640017296.8122547, 1640017298.4964898, 1640017300.1461062, 1640017300.894664, 1640017302.4327028, 1640017303.5120459, 1640017305.1715987, 1640017306.8002634, 1640017308.3608892, 1640017309.9094584, 1640017311.096674, 1640017313.65716, 1640017315.2096639, 1640017316.0050335, 1640017317.55764, 1640017318.7193487, 1640017320.394008, 1640017322.0018861, 1640017324.0362866, 1640017325.5860503, 1640017326.4848845, 1640017327.6619582, 1640017328.4547274, 1640017329.6501513, 1640017330.7921722, 1640017333.471418, 1640017336.561114, 1640017339.7038743, 1640017343.6767497, 1640017345.6940238, 1640017347.320014, 1640017350.5545275, 1640017353.0138865, 1640017356.2026777, 1640017359.993781, 1640017363.3225446, 1640017368.191634, 1640017370.6091228, 1640017374.6547034, 1640017379.1901262, 1640017382.0706525, 1640017386.62656, 1640017389.0060449, 1640017393.021428, 1640017395.5270195, 1640017399.6189282, 1640017403.4304664, 1640017405.9186757, 1640017409.405735, 1640017412.6666694, 1640017416.636684, 1640017420.6635303, 1640017423.0567772]}