{"initial_reset_timestamp": 1640017282.5902336, "episode_types": ["t", "t", "t", "t", "t", "t", "t", "t", "t", "t", "t", "t", "t", "t", "t", "t", "t", "t", "t", "t", "t", "t", "t", "t", "t", "t", "t", "t", "t", "t", "t", "t", "t", "t", "t", "t", "t", "t", "t", "t", "t", "t", "t", "t", "t", "t", "t", "t", "t", "t", "t", "t", "t", "t", "t", "t", "t", "t", "t", "t", "t", "t", "t", "t", "t", "t", "t", "t", "t", "t", "t", "t", "t", "t", "t", "t"], "episode_rewards": [29.0, 17.0, 46.0, 13.0, 16.0, 10.0, 15.0, 27.0, 65.0, 45.0, 81.0, 22.0, 86.0, 100.0, 200.0, 125.0, 135.0, 200.0, 200.0, 200.0, 146.0, 200.0, 200.0, 200.0, 200.0, 200.0, 200.0, 200.0, 200.0, 200.0, 102.0, 200.0, 192.0, 200.0, 200.0, 200.0, 200.0, 200.0, 200.0, 200.0, 200.0, 200.0, 200.0, 200.0, 200.0, 200.0, 196.0, 200.0, 200.0, 200.0, 200.0, 198.0, 200.0, 200.0, 200.0, 200.0, 200.0, 200.0, 200.0, 200.0, 200.0, 200.0, 200.0, 200.0, 200.0, 200.0, 200.0, 200.0, 200.0, 200.0, 200.0, 200.0, 200.0, 200.0, 200.0], "episode_lengths": [29, 17, 46, 13, 16, 10, 15, 27, 65, 45, 81, 22, 86, 100, 200, 125, 135, 200, 200, 200, 146, 200, 200, 200, 200, 200, 200, 200, 200, 200, 102, 200, 192, 200, 200, 200, 200, 200, 200, 200, 200, 200, 200, 200, 200, 200, 196, 200, 200, 200, 200, 198, 200, 200, 200, 200, 200, 200, 200, 200, 200, 200, 200, 200, 200, 200, 200, 200, 200, 200, 200, 200, 200, 200, 200], "timestamps": [1640017282.862813, 1640017282.9794664, 1640017283.17746, 1640017283.207452, 1640017283.5293832, 1640017284.3428786, 1640017284.3926702, 1640017284.4717138, 1640017284.6596642, 1640017285.1746151, 1640017285.3916965, 1640017285.8090363, 1640017285.9856625, 1640017286.9915686, 1640017288.3868527, 1640017289.1956038, 1640017290.2531242, 1640017291.3293831, 1640017292.513861, 1640017293.953872, 1640017295.4296126, 1640017296.7918787, 1640017298.4796627, 1640017300.0936794, 1640017300.8792553, 1640017302.419389, 1640017303.4954298, 1640017305.1449847, 1640017306.7620094, 1640017308.3313227, 1640017309.0800002, 1640017310.678948, 1640017312.4992068, 1640017314.6219401, 1640017315.3630044, 1640017316.8059855, 1640017317.739613, 1640017319.4706354, 1640017321.7131412, 1640017323.071533, 1640017324.7276893, 1640017325.803392, 1640017327.099487, 1640017328.2779317, 1640017329.0488663, 1640017330.2607176, 1640017331.2721837, 1640017334.8799813, 1640017338.9426725, 1640017342.077492, 1640017345.0913033, 1640017346.0208223, 1640017349.0777016, 1640017352.3062372, 1640017354.6273324, 1640017357.9143243, 1640017360.9669795, 1640017366.0482228, 1640017369.8736782, 1640017372.3380764, 1640017376.9077177, 1640017380.1721582, 1640017384.0398097, 1640017388.458433, 1640017391.1601253, 1640017394.8957694, 1640017397.9631221, 1640017401.5430377, 1640017405.313981, 1640017407.9347475, 1640017411.9412723, 1640017415.0584831, 1640017419.0766819, 1640017422.5913975, 1640017425.0745897]}