{"initial_reset_timestamp": 1640017282.5799553, "episode_types": ["t", "t", "t", "t", "t", "t", "t", "t", "t", "t", "t", "t", "t", "t", "t", "t", "t", "t", "t", "t", "t", "t", "t", "t", "t", "t", "t", "t", "t", "t", "t", "t", "t", "t", "t", "t", "t", "t", "t", "t", "t", "t", "t", "t", "t", "t", "t", "t", "t", "t", "t", "t", "t", "t", "t", "t", "t", "t", "t", "t", "t", "t", "t", "t", "t", "t", "t", "t", "t", "t", "t", "t", "t", "t", "t", "t", "t", "t", "t", "t", "t", "t", "t"], "episode_rewards": [15.0, 21.0, 18.0, 25.0, 25.0, 12.0, 11.0, 45.0, 13.0, 19.0, 15.0, 27.0, 14.0, 42.0, 52.0, 91.0, 18.0, 58.0, 29.0, 18.0, 25.0, 33.0, 83.0, 200.0, 200.0, 197.0, 200.0, 200.0, 200.0, 200.0, 200.0, 200.0, 200.0, 200.0, 200.0, 200.0, 200.0, 200.0, 200.0, 200.0, 200.0, 200.0, 200.0, 102.0, 200.0, 200.0, 200.0, 200.0, 200.0, 200.0, 200.0, 197.0, 200.0, 200.0, 200.0, 200.0, 200.0, 200.0, 200.0, 182.0, 200.0, 200.0, 200.0, 200.0, 200.0, 200.0, 200.0, 200.0, 200.0, 200.0, 200.0, 200.0, 200.0, 200.0, 200.0, 200.0, 200.0, 200.0, 200.0, 200.0, 200.0, 200.0], "episode_lengths": [15, 21, 18, 25, 25, 12, 11, 45, 13, 19, 15, 27, 14, 42, 52, 91, 18, 58, 29, 18, 25, 33, 83, 200, 200, 197, 200, 200, 200, 200, 200, 200, 200, 200, 200, 200, 200, 200, 200, 200, 200, 200, 200, 102, 200, 200, 200, 200, 200, 200, 200, 197, 200, 200, 200, 200, 200, 200, 200, 182, 200, 200, 200, 200, 200, 200, 200, 200, 200, 200, 200, 200, 200, 200, 200, 200, 200, 200, 200, 200, 200, 200], "timestamps": [1640017282.7130518, 1640017282.9275777, 1640017283.017813, 1640017283.1411643, 1640017283.204602, 1640017283.5015407, 1640017284.24333, 1640017284.4668753, 1640017284.509399, 1640017284.5742927, 1640017284.6103835, 1640017284.6837676, 1640017285.1181774, 1640017285.230473, 1640017285.361747, 1640017285.9248416, 1640017285.9590166, 1640017286.6789324, 1640017286.872296, 1640017286.960585, 1640017287.1069126, 1640017287.7519472, 1640017287.9308503, 1640017289.258083, 1640017290.426286, 1640017291.898773, 1640017293.214923, 1640017294.5245068, 1640017296.5730848, 1640017297.8248992, 1640017299.2597241, 1640017300.735177, 1640017301.6826646, 1640017303.2099745, 1640017304.4528964, 1640017306.0211315, 1640017307.9410539, 1640017309.1353104, 1640017310.8720238, 1640017312.703058, 1640017314.708644, 1640017315.814492, 1640017316.901854, 1640017317.6191578, 1640017319.2639682, 1640017320.556489, 1640017322.7267885, 1640017324.1315372, 1640017325.6731977, 1640017326.983733, 1640017327.745966, 1640017328.895408, 1640017329.7370868, 1640017330.8622699, 1640017334.4174027, 1640017336.9237626, 1640017341.603384, 1640017343.9380307, 1640017345.7709267, 1640017347.408187, 1640017350.6772697, 1640017354.1438348, 1640017356.2970495, 1640017360.1921818, 1640017363.589536, 1640017368.3547919, 1640017371.9022534, 1640017374.9912963, 1640017379.3758497, 1640017382.2189176, 1640017386.8393884, 1640017390.5270402, 1640017393.4209714, 1640017397.1256812, 1640017399.921526, 1640017403.7393417, 1640017407.2406623, 1640017409.901785, 1640017414.4280684, 1640017417.1578364, 1640017421.0265393, 1640017424.497899]}