{"Epoch": 0, "AverageReturn": 1.530612244897959, "MinReturn": 0.0, "MaxReturn": 5.0, "StdReturn": 1.326373617083422, "AverageEpisodeLength": 781.3469387755102, "MinEpisodeLength": 509.0, "MaxEpisodeLength": 1301.0, "StdEpisodeLength": 215.71604077057168, "TotalNEpisodes": 49, "TotalNSamples": 38286.0, "Entropy": 1.3493183851242065, "Perplexity": 3.854797124862671, "AveragePolicyProb[0]": 0.2519713044166565, "AveragePolicyProb[1]": 0.2252391129732132, "AveragePolicyProb[2]": 0.2583824098110199, "AveragePolicyProb[3]": 0.2644077241420746, "|VfPred|": 0.5911159515380859, "|VfTarget|": 0.5038243532180786, "VfLoss": 0.7000276446342468}
{"Epoch": 1, "AverageReturn": 1.797979797979798, "MinReturn": 0.0, "MaxReturn": 9.0, "StdReturn": 1.6574277136136297, "AverageEpisodeLength": 842.8181818181819, "MinEpisodeLength": 509.0, "MaxEpisodeLength": 1623.0, "StdEpisodeLength": 266.44367053546495, "TotalNEpisodes": 99, "TotalNSamples": 83439.0, "Entropy": 1.2983237504959106, "Perplexity": 3.663151264190674, "AveragePolicyProb[0]": 0.2531369924545288, "AveragePolicyProb[1]": 0.21906684339046478, "AveragePolicyProb[2]": 0.3489295542240143, "AveragePolicyProb[3]": 0.17886696755886078, "|VfPred|": 0.3019650876522064, "|VfTarget|": 0.3014683127403259, "VfLoss": 0.10817036777734756}
{"Epoch": 2, "AverageReturn": 2.07, "MinReturn": 0.0, "MaxReturn": 9.0, "StdReturn": 1.7564452738414593, "AverageEpisodeLength": 908.67, "MinEpisodeLength": 529.0, "MaxEpisodeLength": 1782.0, "StdEpisodeLength": 286.7843808508406, "TotalNEpisodes": 149, "TotalNSamples": 129153.0, "Entropy": 1.3557301759719849, "Perplexity": 3.8795926570892334, "AveragePolicyProb[0]": 0.272036612033844, "AveragePolicyProb[1]": 0.249520942568779, "AveragePolicyProb[2]": 0.2992781698703766, "AveragePolicyProb[3]": 0.17916445434093475, "|VfPred|": 0.376878947019577, "|VfTarget|": 0.37488919496536255, "VfLoss": 0.08285000920295715}
{"Epoch": 3, "AverageReturn": 2.05, "MinReturn": 0.0, "MaxReturn": 7.0, "StdReturn": 1.55161206491829, "AverageEpisodeLength": 897.77, "MinEpisodeLength": 523.0, "MaxEpisodeLength": 1782.0, "StdEpisodeLength": 263.3909966190948, "TotalNEpisodes": 200, "TotalNSamples": 174364.0, "Entropy": 1.3531248569488525, "Perplexity": 3.8694982528686523, "AveragePolicyProb[0]": 0.2760099172592163, "AveragePolicyProb[1]": 0.26649919152259827, "AveragePolicyProb[2]": 0.2966183125972748, "AveragePolicyProb[3]": 0.16087226569652557, "|VfPred|": 0.5302539467811584, "|VfTarget|": 0.5130489468574524, "VfLoss": 0.08758451044559479}
{"Epoch": 4, "AverageReturn": 2.11, "MinReturn": 0.0, "MaxReturn": 9.0, "StdReturn": 1.6303067196083072, "AverageEpisodeLength": 902.87, "MinEpisodeLength": 523.0, "MaxEpisodeLength": 1686.0, "StdEpisodeLength": 265.88285597232476, "TotalNEpisodes": 246, "TotalNSamples": 216795.0, "Entropy": 1.3591549396514893, "Perplexity": 3.892902135848999, "AveragePolicyProb[0]": 0.2793716788291931, "AveragePolicyProb[1]": 0.25968697667121887, "AveragePolicyProb[2]": 0.2924695611000061, "AveragePolicyProb[3]": 0.16847383975982666, "|VfPred|": 0.4234314560890198, "|VfTarget|": 0.4237825274467468, "VfLoss": 0.05192601680755615}
{"Epoch": 5, "AverageReturn": 2.31, "MinReturn": 0.0, "MaxReturn": 9.0, "StdReturn": 1.92195213259852, "AverageEpisodeLength": 928.71, "MinEpisodeLength": 544.0, "MaxEpisodeLength": 1686.0, "StdEpisodeLength": 273.01279438883444, "TotalNEpisodes": 297, "TotalNSamples": 264409.0, "Entropy": 1.3635042905807495, "Perplexity": 3.9098706245422363, "AveragePolicyProb[0]": 0.2808966040611267, "AveragePolicyProb[1]": 0.26848098635673523, "AveragePolicyProb[2]": 0.27607202529907227, "AveragePolicyProb[3]": 0.17455093562602997, "|VfPred|": 0.40867817401885986, "|VfTarget|": 0.40994715690612793, "VfLoss": 0.04238341748714447}
{"Epoch": 6, "AverageReturn": 2.33, "MinReturn": 0.0, "MaxReturn": 9.0, "StdReturn": 2.1262878450482665, "AverageEpisodeLength": 927.37, "MinEpisodeLength": 544.0, "MaxEpisodeLength": 1662.0, "StdEpisodeLength": 294.8211544309533, "TotalNEpisodes": 346, "TotalNSamples": 309532.0, "Entropy": 1.362766981124878, "Perplexity": 3.9069888591766357, "AveragePolicyProb[0]": 0.28700923919677734, "AveragePolicyProb[1]": 0.2519320249557495, "AveragePolicyProb[2]": 0.28090134263038635, "AveragePolicyProb[3]": 0.180158331990242, "|VfPred|": 0.4017864167690277, "|VfTarget|": 0.3993820250034332, "VfLoss": 0.04779522120952606}
{"Epoch": 7, "AverageReturn": 2.17, "MinReturn": 0.0, "MaxReturn": 9.0, "StdReturn": 1.876459432015518, "AverageEpisodeLength": 911.91, "MinEpisodeLength": 525.0, "MaxEpisodeLength": 1662.0, "StdEpisodeLength": 289.37322249994037, "TotalNEpisodes": 396, "TotalNSamples": 354525.0, "Entropy": 1.361696720123291, "Perplexity": 3.9028096199035645, "AveragePolicyProb[0]": 0.2778145670890808, "AveragePolicyProb[1]": 0.26016807556152344, "AveragePolicyProb[2]": 0.28562262654304504, "AveragePolicyProb[3]": 0.17639513313770294, "|VfPred|": 0.44357308745384216, "|VfTarget|": 0.4428064525127411, "VfLoss": 0.03750434145331383}
{"Epoch": 8, "AverageReturn": 2.28, "MinReturn": 0.0, "MaxReturn": 9.0, "StdReturn": 1.6857046004564382, "AverageEpisodeLength": 927.64, "MinEpisodeLength": 525.0, "MaxEpisodeLength": 1667.0, "StdEpisodeLength": 268.7301814087878, "TotalNEpisodes": 443, "TotalNSamples": 399563.0, "Entropy": 1.3566479682922363, "Perplexity": 3.883155107498169, "AveragePolicyProb[0]": 0.26966893672943115, "AveragePolicyProb[1]": 0.25297173857688904, "AveragePolicyProb[2]": 0.3036508560180664, "AveragePolicyProb[3]": 0.17370785772800446, "|VfPred|": 0.4600760340690613, "|VfTarget|": 0.45913442969322205, "VfLoss": 0.038710542023181915}
{"Epoch": 9, "AverageReturn": 2.37, "MinReturn": 0.0, "MaxReturn": 9.0, "StdReturn": 1.5789553508570153, "AverageEpisodeLength": 935.05, "MinEpisodeLength": 528.0, "MaxEpisodeLength": 1667.0, "StdEpisodeLength": 246.89412204424795, "TotalNEpisodes": 491, "TotalNSamples": 443783.0, "Entropy": 1.352457880973816, "Perplexity": 3.8669183254241943, "AveragePolicyProb[0]": 0.27255308628082275, "AveragePolicyProb[1]": 0.23595041036605835, "AveragePolicyProb[2]": 0.3132108449935913, "AveragePolicyProb[3]": 0.17828617990016937, "|VfPred|": 0.43714746832847595, "|VfTarget|": 0.4363155663013458, "VfLoss": 0.029605166986584663}
{"Epoch": 10, "AverageReturn": 2.15, "MinReturn": 0.0, "MaxReturn": 5.0, "StdReturn": 1.5451537140362444, "AverageEpisodeLength": 907.64, "MinEpisodeLength": 524.0, "MaxEpisodeLength": 1440.0, "StdEpisodeLength": 255.53127088479798, "TotalNEpisodes": 544, "TotalNSamples": 491395.0, "Entropy": 1.3513305187225342, "Perplexity": 3.8625612258911133, "AveragePolicyProb[0]": 0.26368239521980286, "AveragePolicyProb[1]": 0.2306041270494461, "AveragePolicyProb[2]": 0.31980544328689575, "AveragePolicyProb[3]": 0.18590617179870605, "|VfPred|": 0.3733321726322174, "|VfTarget|": 0.3670216500759125, "VfLoss": 0.018759004771709442}
