{"initial_reset_timestamp": 1640016822.9253733, "episode_types": ["t", "t", "t", "t", "t", "t", "t", "t", "t", "t", "t", "t", "t", "t", "t", "t", "t", "t", "t", "t", "t", "t", "t", "t", "t", "t", "t", "t", "t", "t", "t", "t", "t", "t", "t", "t", "t", "t", "t", "t", "t", "t", "t", "t", "t", "t", "t", "t", "t", "t", "t", "t", "t", "t", "t", "t", "t", "t", "t", "t", "t", "t", "t", "t", "t", "t", "t", "t", "t", "t"], "episode_rewards": [81.0, 42.0, 19.0, 18.0, 28.0, 63.0, 34.0, 140.0, 200.0, 184.0, 200.0, 200.0, 149.0, 200.0, 200.0, 200.0, 200.0, 200.0, 200.0, 200.0, 200.0, 200.0, 200.0, 200.0, 200.0, 200.0, 200.0, 200.0, 169.0, 177.0, 141.0, 157.0, 190.0, 200.0, 200.0, 200.0, 200.0, 200.0, 200.0, 200.0, 200.0, 200.0, 200.0, 200.0, 200.0, 200.0, 200.0, 200.0, 200.0, 200.0, 200.0, 200.0, 200.0, 200.0, 200.0, 200.0, 200.0, 200.0, 200.0, 200.0, 200.0, 200.0, 200.0, 200.0, 200.0, 200.0, 200.0, 200.0, 200.0], "episode_lengths": [81, 42, 19, 18, 28, 63, 34, 140, 200, 184, 200, 200, 149, 200, 200, 200, 200, 200, 200, 200, 200, 200, 200, 200, 200, 200, 200, 200, 169, 177, 141, 157, 190, 200, 200, 200, 200, 200, 200, 200, 200, 200, 200, 200, 200, 200, 200, 200, 200, 200, 200, 200, 200, 200, 200, 200, 200, 200, 200, 200, 200, 200, 200, 200, 200, 200, 200, 200, 200], "timestamps": [1640016823.510851, 1640016823.6531622, 1640016824.5848353, 1640016824.6848285, 1640016824.7724087, 1640016825.4709752, 1640016825.5653515, 1640016826.197756, 1640016826.8144593, 1640016828.4392917, 1640016829.5059106, 1640016831.0980463, 1640016831.6077724, 1640016832.6832833, 1640016833.796735, 1640016835.0685022, 1640016836.3259265, 1640016836.9415143, 1640016838.6304994, 1640016839.502955, 1640016840.0752184, 1640016841.108227, 1640016841.727734, 1640016842.7598493, 1640016843.7373035, 1640016844.3406157, 1640016845.1989172, 1640016845.7833874, 1640016846.590431, 1640016847.1502044, 1640016847.6350248, 1640016848.3785884, 1640016849.9051418, 1640016852.2654817, 1640016854.897703, 1640016857.7578561, 1640016860.1675208, 1640016863.3751173, 1640016866.5392463, 1640016868.3710954, 1640016871.0136158, 1640016873.4870732, 1640016876.7981877, 1640016880.2534387, 1640016882.5966058, 1640016884.7626493, 1640016886.3434274, 1640016889.2675016, 1640016892.5293772, 1640016895.2137895, 1640016898.5782747, 1640016901.4519637, 1640016905.8948488, 1640016908.9266126, 1640016910.6812146, 1640016914.5487409, 1640016916.4919248, 1640016920.9978197, 1640016924.5728464, 1640016927.6247156, 1640016931.0499933, 1640016933.8950891, 1640016937.4098845, 1640016941.0737824, 1640016943.5210829, 1640016946.935757, 1640016949.2876575, 1640016952.1460598, 1640016954.4885383]}