{"initial_reset_timestamp": 1640016822.9385858, "episode_types": ["t", "t", "t", "t", "t", "t", "t", "t", "t", "t", "t", "t", "t", "t", "t", "t", "t", "t", "t", "t", "t", "t", "t", "t", "t", "t", "t", "t", "t", "t", "t", "t", "t", "t", "t", "t", "t", "t", "t", "t", "t", "t", "t", "t", "t", "t", "t", "t", "t", "t", "t", "t", "t", "t", "t", "t", "t", "t", "t", "t", "t", "t", "t", "t", "t", "t", "t", "t", "t", "t", "t", "t", "t", "t"], "episode_rewards": [18.0, 25.0, 13.0, 21.0, 20.0, 15.0, 41.0, 89.0, 48.0, 40.0, 47.0, 197.0, 200.0, 165.0, 163.0, 192.0, 128.0, 200.0, 200.0, 200.0, 200.0, 200.0, 200.0, 200.0, 200.0, 200.0, 200.0, 200.0, 200.0, 200.0, 200.0, 200.0, 187.0, 146.0, 173.0, 155.0, 200.0, 200.0, 200.0, 200.0, 200.0, 200.0, 200.0, 200.0, 200.0, 200.0, 200.0, 200.0, 200.0, 200.0, 200.0, 200.0, 200.0, 200.0, 200.0, 200.0, 151.0, 200.0, 200.0, 200.0, 200.0, 200.0, 200.0, 200.0, 200.0, 200.0, 200.0, 200.0, 200.0, 200.0, 200.0, 200.0, 200.0], "episode_lengths": [18, 25, 13, 21, 20, 15, 41, 89, 48, 40, 47, 197, 200, 165, 163, 192, 128, 200, 200, 200, 200, 200, 200, 200, 200, 200, 200, 200, 200, 200, 200, 200, 187, 146, 173, 155, 200, 200, 200, 200, 200, 200, 200, 200, 200, 200, 200, 200, 200, 200, 200, 200, 200, 200, 200, 200, 151, 200, 200, 200, 200, 200, 200, 200, 200, 200, 200, 200, 200, 200, 200, 200, 200], "timestamps": [1640016823.2519166, 1640016823.3740366, 1640016823.4222922, 1640016823.4914212, 1640016823.5649927, 1640016823.6167877, 1640016824.643926, 1640016825.052797, 1640016825.585016, 1640016825.6959724, 1640016826.0608954, 1640016826.7137656, 1640016828.3507943, 1640016829.0450728, 1640016830.1022136, 1640016831.4536872, 1640016832.0461943, 1640016832.81187, 1640016833.9325707, 1640016835.8178174, 1640016836.4425886, 1640016837.5646617, 1640016838.7621748, 1640016839.6148763, 1640016840.5020928, 1640016841.2098908, 1640016842.1112754, 1640016842.9042153, 1640016843.8757954, 1640016844.7296267, 1640016845.3146677, 1640016846.1148922, 1640016846.7424767, 1640016847.4521313, 1640016848.0064485, 1640016848.6558046, 1640016851.1451309, 1640016853.2039495, 1640016856.3051758, 1640016859.2809806, 1640016861.5248709, 1640016865.0698047, 1640016867.0753276, 1640016869.364097, 1640016872.2809892, 1640016874.8555796, 1640016878.4262543, 1640016880.9568765, 1640016883.6858656, 1640016885.6020672, 1640016887.55926, 1640016890.8036122, 1640016893.2869236, 1640016896.6639876, 1640016900.3647966, 1640016903.7514544, 1640016906.2309763, 1640016909.1362538, 1640016911.9994466, 1640016914.817331, 1640016918.1589167, 1640016921.268249, 1640016925.187014, 1640016928.7985315, 1640016931.3412395, 1640016935.4012766, 1640016937.8314576, 1640016941.3688376, 1640016944.6123958, 1640016947.3017442, 1640016950.1677759, 1640016952.435459, 1640016954.7457995]}