{"initial_reset_timestamp": 1640016822.9386795, "episode_types": ["t", "t", "t", "t", "t", "t", "t", "t", "t", "t", "t", "t", "t", "t", "t", "t", "t", "t", "t", "t", "t", "t", "t", "t", "t", "t", "t", "t", "t", "t", "t", "t", "t", "t", "t", "t", "t", "t", "t", "t", "t", "t", "t", "t", "t", "t", "t", "t", "t", "t", "t", "t", "t", "t", "t", "t", "t", "t", "t", "t", "t", "t", "t", "t", "t", "t", "t", "t", "t", "t", "t", "t", "t"], "episode_rewards": [34.0, 26.0, 17.0, 28.0, 18.0, 32.0, 21.0, 32.0, 25.0, 55.0, 200.0, 126.0, 200.0, 200.0, 200.0, 200.0, 200.0, 200.0, 200.0, 200.0, 200.0, 200.0, 200.0, 200.0, 200.0, 200.0, 200.0, 200.0, 200.0, 200.0, 200.0, 187.0, 163.0, 167.0, 167.0, 200.0, 200.0, 200.0, 200.0, 200.0, 200.0, 200.0, 200.0, 200.0, 200.0, 200.0, 200.0, 200.0, 200.0, 200.0, 200.0, 200.0, 200.0, 200.0, 200.0, 200.0, 200.0, 200.0, 200.0, 200.0, 200.0, 200.0, 200.0, 200.0, 200.0, 200.0, 200.0, 200.0, 200.0, 200.0, 200.0, 200.0], "episode_lengths": [34, 26, 17, 28, 18, 32, 21, 32, 25, 55, 200, 126, 200, 200, 200, 200, 200, 200, 200, 200, 200, 200, 200, 200, 200, 200, 200, 200, 200, 200, 200, 187, 163, 167, 167, 200, 200, 200, 200, 200, 200, 200, 200, 200, 200, 200, 200, 200, 200, 200, 200, 200, 200, 200, 200, 200, 200, 200, 200, 200, 200, 200, 200, 200, 200, 200, 200, 200, 200, 200, 200, 200], "timestamps": [1640016823.343916, 1640016823.434545, 1640016823.4915264, 1640016823.5927415, 1640016823.6546001, 1640016824.650159, 1640016824.749066, 1640016824.8989203, 1640016825.033844, 1640016825.578562, 1640016826.35387, 1640016826.7853017, 1640016828.450447, 1640016829.550277, 1640016831.107125, 1640016832.025209, 1640016832.7661204, 1640016833.9099686, 1640016835.7688935, 1640016836.4260297, 1640016837.5076113, 1640016838.743497, 1640016839.5909214, 1640016840.48489, 1640016841.1928742, 1640016842.0934937, 1640016842.88733, 1640016843.8600845, 1640016844.7124739, 1640016845.297456, 1640016846.09611, 1640016846.7237082, 1640016847.474957, 1640016848.0169458, 1640016848.6977093, 1640016851.3050754, 1640016853.3592446, 1640016856.4843416, 1640016859.437045, 1640016861.6558776, 1640016865.1779644, 1640016867.1500328, 1640016869.4986854, 1640016872.3452802, 1640016875.0033777, 1640016878.5801554, 1640016881.1338472, 1640016883.763775, 1640016885.6633062, 1640016887.6847563, 1640016890.952124, 1640016893.477691, 1640016896.795048, 1640016900.51561, 1640016903.8931212, 1640016907.3972528, 1640016909.5102208, 1640016912.747778, 1640016915.9772794, 1640016918.9950743, 1640016923.0938058, 1640016925.8814483, 1640016929.4512901, 1640016933.0862274, 1640016936.0204089, 1640016939.5042367, 1640016941.9703112, 1640016944.9558246, 1640016948.4438503, 1640016950.6494005, 1640016953.3474975, 1640016955.1528928]}