{"initial_reset_timestamp": 1640016822.9132755, "episode_types": ["t", "t", "t", "t", "t", "t", "t", "t", "t", "t", "t", "t", "t", "t", "t", "t", "t", "t", "t", "t", "t", "t", "t", "t", "t", "t", "t", "t", "t", "t", "t", "t", "t", "t", "t", "t", "t", "t", "t", "t", "t", "t", "t", "t", "t", "t", "t", "t", "t", "t", "t", "t", "t", "t", "t", "t", "t", "t", "t", "t", "t", "t", "t", "t", "t", "t", "t", "t", "t", "t"], "episode_rewards": [26.0, 47.0, 19.0, 23.0, 22.0, 59.0, 53.0, 85.0, 200.0, 183.0, 160.0, 200.0, 200.0, 194.0, 200.0, 200.0, 200.0, 200.0, 200.0, 200.0, 200.0, 200.0, 200.0, 200.0, 200.0, 200.0, 200.0, 200.0, 194.0, 199.0, 165.0, 166.0, 162.0, 200.0, 200.0, 200.0, 200.0, 200.0, 200.0, 200.0, 200.0, 200.0, 200.0, 200.0, 200.0, 200.0, 200.0, 200.0, 200.0, 195.0, 199.0, 200.0, 200.0, 200.0, 200.0, 200.0, 200.0, 200.0, 200.0, 200.0, 200.0, 200.0, 200.0, 200.0, 200.0, 200.0, 200.0, 200.0, 200.0], "episode_lengths": [26, 47, 19, 23, 22, 59, 53, 85, 200, 183, 160, 200, 200, 194, 200, 200, 200, 200, 200, 200, 200, 200, 200, 200, 200, 200, 200, 200, 194, 199, 165, 166, 162, 200, 200, 200, 200, 200, 200, 200, 200, 200, 200, 200, 200, 200, 200, 200, 200, 195, 199, 200, 200, 200, 200, 200, 200, 200, 200, 200, 200, 200, 200, 200, 200, 200, 200, 200, 200], "timestamps": [1640016823.2851202, 1640016823.4723613, 1640016823.5466413, 1640016823.623569, 1640016824.546342, 1640016824.7964857, 1640016825.079056, 1640016825.7088118, 1640016826.6472433, 1640016827.7805166, 1640016828.8785555, 1640016830.0581272, 1640016831.4235265, 1640016832.1713524, 1640016833.193772, 1640016834.0383282, 1640016835.937091, 1640016836.7479494, 1640016837.9416525, 1640016839.1423936, 1640016839.7079694, 1640016840.6212728, 1640016841.5568635, 1640016842.1969078, 1640016843.348138, 1640016843.9574847, 1640016844.8176405, 1640016845.640142, 1640016846.1945353, 1640016847.057214, 1640016847.599387, 1640016848.1709154, 1640016849.565984, 1640016851.6307893, 1640016854.7260184, 1640016857.487327, 1640016859.9033337, 1640016863.017056, 1640016865.570519, 1640016868.144268, 1640016870.6654532, 1640016873.0397182, 1640016876.4815047, 1640016879.1773386, 1640016882.2690551, 1640016884.5990782, 1640016885.9968045, 1640016889.084086, 1640016891.4739707, 1640016894.962771, 1640016898.1849997, 1640016900.9539003, 1640016905.570893, 1640016907.8364406, 1640016910.5118551, 1640016914.2142642, 1640016916.2579536, 1640016920.734527, 1640016923.4312286, 1640016927.1619232, 1640016930.6496792, 1640016933.4979491, 1640016937.1277614, 1640016939.9131489, 1640016943.162493, 1640016946.5170205, 1640016948.9553957, 1640016951.8234882, 1640016953.661013]}