{"initial_reset_timestamp": 1640016822.9251192, "episode_types": ["t", "t", "t", "t", "t", "t", "t", "t", "t", "t", "t", "t", "t", "t", "t", "t", "t", "t", "t", "t", "t", "t", "t", "t", "t", "t", "t", "t", "t", "t", "t", "t", "t", "t", "t", "t", "t", "t", "t", "t", "t", "t", "t", "t", "t", "t", "t", "t", "t", "t", "t", "t", "t", "t", "t", "t", "t", "t", "t", "t", "t", "t", "t", "t", "t", "t", "t", "t", "t", "t", "t", "t", "t"], "episode_rewards": [27.0, 44.0, 15.0, 29.0, 10.0, 33.0, 38.0, 35.0, 96.0, 37.0, 176.0, 170.0, 200.0, 155.0, 157.0, 164.0, 200.0, 200.0, 200.0, 200.0, 200.0, 200.0, 200.0, 200.0, 200.0, 200.0, 200.0, 200.0, 200.0, 200.0, 200.0, 182.0, 166.0, 168.0, 167.0, 179.0, 200.0, 200.0, 200.0, 200.0, 200.0, 200.0, 200.0, 200.0, 200.0, 200.0, 200.0, 200.0, 200.0, 200.0, 200.0, 200.0, 200.0, 200.0, 200.0, 200.0, 177.0, 200.0, 200.0, 200.0, 200.0, 200.0, 200.0, 200.0, 200.0, 200.0, 200.0, 200.0, 200.0, 200.0, 200.0, 200.0], "episode_lengths": [27, 44, 15, 29, 10, 33, 38, 35, 96, 37, 176, 170, 200, 155, 157, 164, 200, 200, 200, 200, 200, 200, 200, 200, 200, 200, 200, 200, 200, 200, 200, 182, 166, 168, 167, 179, 200, 200, 200, 200, 200, 200, 200, 200, 200, 200, 200, 200, 200, 200, 200, 200, 200, 200, 200, 200, 177, 200, 200, 200, 200, 200, 200, 200, 200, 200, 200, 200, 200, 200, 200, 200], "timestamps": [1640016823.293194, 1640016823.4644482, 1640016823.525767, 1640016823.6249096, 1640016823.6588373, 1640016824.6655102, 1640016824.7979298, 1640016825.027171, 1640016825.6879733, 1640016825.768456, 1640016826.656456, 1640016827.7427535, 1640016828.9774003, 1640016830.0343616, 1640016831.1192083, 1640016831.9634125, 1640016832.7244225, 1640016833.8423035, 1640016835.2088892, 1640016836.3798676, 1640016837.329553, 1640016838.6821663, 1640016839.5498364, 1640016840.122421, 1640016841.1539218, 1640016842.039994, 1640016842.8239622, 1640016843.8057613, 1640016844.3979678, 1640016845.248326, 1640016846.0473154, 1640016846.6622622, 1640016847.2039971, 1640016847.9588554, 1640016848.617703, 1640016850.1722348, 1640016852.952166, 1640016855.9899883, 1640016858.195624, 1640016861.221521, 1640016863.944444, 1640016866.8758442, 1640016869.1315162, 1640016871.5604436, 1640016874.5199306, 1640016877.4469514, 1640016880.684035, 1640016883.4948766, 1640016884.9983811, 1640016887.3434649, 1640016889.9463737, 1640016892.905661, 1640016896.4447126, 1640016899.2056358, 1640016903.3958683, 1640016906.3347828, 1640016909.0845165, 1640016911.0224528, 1640016914.7623703, 1640016918.0273354, 1640016921.1681335, 1640016925.0688837, 1640016928.031738, 1640016931.2188983, 1640016935.2476363, 1640016937.7138047, 1640016941.3097143, 1640016943.814104, 1640016947.2082937, 1640016950.1038718, 1640016952.3674679, 1640016954.6962116]}