{"initial_reset_timestamp": 1640016822.9285336, "episode_types": ["t", "t", "t", "t", "t", "t", "t", "t", "t", "t", "t", "t", "t", "t", "t", "t", "t", "t", "t", "t", "t", "t", "t", "t", "t", "t", "t", "t", "t", "t", "t", "t", "t", "t", "t", "t", "t", "t", "t", "t", "t", "t", "t", "t", "t", "t", "t", "t", "t", "t", "t", "t", "t", "t", "t", "t", "t", "t", "t", "t", "t", "t", "t", "t", "t", "t", "t", "t", "t", "t", "t", "t"], "episode_rewards": [35.0, 9.0, 25.0, 20.0, 26.0, 19.0, 40.0, 44.0, 112.0, 156.0, 200.0, 108.0, 159.0, 150.0, 167.0, 200.0, 200.0, 200.0, 200.0, 200.0, 200.0, 200.0, 200.0, 200.0, 200.0, 200.0, 200.0, 200.0, 200.0, 200.0, 200.0, 152.0, 153.0, 144.0, 200.0, 200.0, 200.0, 200.0, 200.0, 200.0, 200.0, 200.0, 200.0, 200.0, 200.0, 200.0, 200.0, 200.0, 200.0, 200.0, 200.0, 200.0, 200.0, 200.0, 200.0, 195.0, 200.0, 200.0, 200.0, 200.0, 200.0, 200.0, 200.0, 200.0, 200.0, 200.0, 200.0, 200.0, 200.0, 200.0, 200.0], "episode_lengths": [35, 9, 25, 20, 26, 19, 40, 44, 112, 156, 200, 108, 159, 150, 167, 200, 200, 200, 200, 200, 200, 200, 200, 200, 200, 200, 200, 200, 200, 200, 200, 152, 153, 144, 200, 200, 200, 200, 200, 200, 200, 200, 200, 200, 200, 200, 200, 200, 200, 200, 200, 200, 200, 200, 200, 195, 200, 200, 200, 200, 200, 200, 200, 200, 200, 200, 200, 200, 200, 200, 200], "timestamps": [1640016823.346672, 1640016823.3771422, 1640016823.4591198, 1640016823.5366359, 1640016823.6270893, 1640016824.5301883, 1640016824.7442358, 1640016824.982245, 1640016825.694533, 1640016826.3490484, 1640016827.5743027, 1640016828.3922925, 1640016829.0732722, 1640016830.1069677, 1640016831.411382, 1640016832.1655154, 1640016833.1895528, 1640016834.0338593, 1640016835.9323144, 1640016836.7449067, 1640016837.93028, 1640016839.1389005, 1640016839.7014823, 1640016840.6146455, 1640016841.5525417, 1640016842.1933124, 1640016843.3431761, 1640016843.9540393, 1640016844.8137672, 1640016845.6362097, 1640016846.2068708, 1640016846.771481, 1640016847.4967523, 1640016847.9878738, 1640016848.8000574, 1640016851.41841, 1640016854.5137126, 1640016856.6503427, 1640016859.6177063, 1640016861.842759, 1640016865.3090997, 1640016867.9264295, 1640016869.6423316, 1640016872.5454907, 1640016875.179095, 1640016878.759927, 1640016882.06727, 1640016883.8707397, 1640016885.786904, 1640016887.8738952, 1640016891.1400058, 1640016894.5308075, 1640016896.9797277, 1640016900.629834, 1640016904.218423, 1640016907.510582, 1640016910.2426667, 1640016912.829565, 1640016916.0566542, 1640016919.1473231, 1640016923.1798117, 1640016926.7891297, 1640016929.5270116, 1640016933.1859412, 1640016936.1804333, 1640016939.6121743, 1640016942.8078284, 1640016945.0272577, 1640016948.5842311, 1640016950.8167603, 1640016953.437444]}