{"initial_reset_timestamp": 1640016822.9337332, "episode_types": ["t", "t", "t", "t", "t", "t", "t", "t", "t", "t", "t", "t", "t", "t", "t", "t", "t", "t", "t", "t", "t", "t", "t", "t", "t", "t", "t", "t", "t", "t", "t", "t", "t", "t", "t", "t", "t", "t", "t", "t", "t", "t", "t", "t", "t", "t", "t", "t", "t", "t", "t", "t", "t", "t", "t", "t", "t", "t", "t", "t", "t", "t", "t", "t", "t", "t", "t", "t", "t", "t", "t", "t", "t"], "episode_rewards": [29.0, 17.0, 46.0, 13.0, 16.0, 10.0, 31.0, 28.0, 52.0, 42.0, 121.0, 150.0, 200.0, 200.0, 200.0, 162.0, 171.0, 200.0, 200.0, 200.0, 200.0, 200.0, 200.0, 200.0, 200.0, 200.0, 200.0, 200.0, 200.0, 200.0, 200.0, 200.0, 176.0, 170.0, 155.0, 196.0, 200.0, 200.0, 200.0, 200.0, 200.0, 200.0, 200.0, 200.0, 200.0, 200.0, 200.0, 200.0, 200.0, 200.0, 200.0, 200.0, 200.0, 200.0, 200.0, 185.0, 200.0, 200.0, 200.0, 200.0, 200.0, 200.0, 200.0, 200.0, 200.0, 200.0, 200.0, 200.0, 200.0, 200.0, 200.0, 200.0], "episode_lengths": [29, 17, 46, 13, 16, 10, 31, 28, 52, 42, 121, 150, 200, 200, 200, 162, 171, 200, 200, 200, 200, 200, 200, 200, 200, 200, 200, 200, 200, 200, 200, 200, 176, 170, 155, 196, 200, 200, 200, 200, 200, 200, 200, 200, 200, 200, 200, 200, 200, 200, 200, 200, 200, 200, 200, 185, 200, 200, 200, 200, 200, 200, 200, 200, 200, 200, 200, 200, 200, 200, 200, 200], "timestamps": [1640016823.3045135, 1640016823.3911817, 1640016823.5471241, 1640016823.590619, 1640016823.6460395, 1640016824.5135436, 1640016824.7008772, 1640016824.7797265, 1640016825.0527542, 1640016825.5620642, 1640016826.1474938, 1640016826.6776204, 1640016828.2850552, 1640016829.0794644, 1640016831.0142221, 1640016831.5054066, 1640016832.2183874, 1640016833.2180943, 1640016834.6472702, 1640016835.967675, 1640016836.7756178, 1640016838.0602937, 1640016839.1751394, 1640016839.953978, 1640016840.6632905, 1640016841.591343, 1640016842.2272058, 1640016843.388696, 1640016844.190162, 1640016844.846633, 1640016845.6666, 1640016846.240922, 1640016847.05769, 1640016847.6113582, 1640016848.1550434, 1640016849.780147, 1640016852.2116172, 1640016854.8633704, 1640016857.7048604, 1640016860.1267226, 1640016863.2942924, 1640016866.4857457, 1640016868.32753, 1640016870.9417396, 1640016873.4143603, 1640016876.7351882, 1640016880.2017736, 1640016882.5316653, 1640016884.7285156, 1640016886.285555, 1640016889.2195764, 1640016892.4892108, 1640016895.1761427, 1640016898.5100732, 1640016901.3595185, 1640016905.745709, 1640016908.0713637, 1640016910.5872536, 1640016914.362506, 1640016916.345458, 1640016920.8979163, 1640016923.6679473, 1640016927.380976, 1640016930.8523002, 1640016933.694947, 1640016937.2423365, 1640016940.0788872, 1640016943.322721, 1640016946.7250865, 1640016949.1319644, 1640016951.9488356, 1640016953.7724776]}