{"initial_reset_timestamp": 1640016822.9305367, "episode_types": ["t", "t", "t", "t", "t", "t", "t", "t", "t", "t", "t", "t", "t", "t", "t", "t", "t", "t", "t", "t", "t", "t", "t", "t", "t", "t", "t", "t", "t", "t", "t", "t", "t", "t", "t", "t", "t", "t", "t", "t", "t", "t", "t", "t", "t", "t", "t", "t", "t", "t", "t", "t", "t", "t", "t", "t", "t", "t", "t", "t", "t", "t", "t", "t", "t", "t", "t", "t", "t", "t", "t", "t", "t", "t"], "episode_rewards": [24.0, 14.0, 37.0, 22.0, 18.0, 17.0, 27.0, 38.0, 18.0, 32.0, 84.0, 116.0, 200.0, 176.0, 127.0, 200.0, 161.0, 200.0, 200.0, 200.0, 200.0, 200.0, 200.0, 200.0, 200.0, 200.0, 200.0, 200.0, 200.0, 200.0, 200.0, 200.0, 200.0, 158.0, 161.0, 163.0, 170.0, 200.0, 200.0, 200.0, 200.0, 200.0, 200.0, 200.0, 200.0, 200.0, 200.0, 200.0, 200.0, 200.0, 200.0, 200.0, 200.0, 200.0, 200.0, 200.0, 200.0, 152.0, 200.0, 200.0, 200.0, 200.0, 200.0, 200.0, 200.0, 200.0, 200.0, 200.0, 200.0, 200.0, 200.0, 200.0, 200.0], "episode_lengths": [24, 14, 37, 22, 18, 17, 27, 38, 18, 32, 84, 116, 200, 176, 127, 200, 161, 200, 200, 200, 200, 200, 200, 200, 200, 200, 200, 200, 200, 200, 200, 200, 200, 158, 161, 163, 170, 200, 200, 200, 200, 200, 200, 200, 200, 200, 200, 200, 200, 200, 200, 200, 200, 200, 200, 200, 200, 152, 200, 200, 200, 200, 200, 200, 200, 200, 200, 200, 200, 200, 200, 200, 200], "timestamps": [1640016823.2782829, 1640016823.3580163, 1640016823.4788868, 1640016823.5625856, 1640016823.623616, 1640016824.516307, 1640016824.6792593, 1640016824.8010464, 1640016824.9483514, 1640016825.0637796, 1640016825.6993403, 1640016826.250822, 1640016827.286362, 1640016828.4723418, 1640016829.066755, 1640016831.0003684, 1640016831.4888496, 1640016832.6126144, 1640016833.3120599, 1640016834.831033, 1640016836.0105197, 1640016836.8276665, 1640016838.5126238, 1640016839.2232819, 1640016839.9935224, 1640016840.7088819, 1640016841.6415074, 1640016842.558928, 1640016843.48152, 1640016844.243797, 1640016844.892622, 1640016845.7141778, 1640016846.563664, 1640016847.068141, 1640016847.603389, 1640016848.1641197, 1640016849.6107013, 1640016851.685738, 1640016854.759455, 1640016857.5391, 1640016859.960571, 1640016863.0768924, 1640016865.6094403, 1640016868.1831312, 1640016870.729449, 1640016873.1231556, 1640016876.5362568, 1640016879.208543, 1640016882.3260927, 1640016884.6194441, 1640016886.0653527, 1640016889.1146994, 1640016891.5831444, 1640016895.0456166, 1640016898.2930436, 1640016901.0833638, 1640016905.7017813, 1640016907.5248585, 1640016910.2483873, 1640016912.8411918, 1640016916.0624917, 1640016919.1588235, 1640016923.1852899, 1640016926.8162546, 1640016929.531712, 1640016933.1948345, 1640016936.1854835, 1640016939.6176705, 1640016942.8249707, 1640016945.0316274, 1640016948.598417, 1640016950.8366323, 1640016953.452294]}