{"initial_reset_timestamp": 1640016822.9336715, "episode_types": ["t", "t", "t", "t", "t", "t", "t", "t", "t", "t", "t", "t", "t", "t", "t", "t", "t", "t", "t", "t", "t", "t", "t", "t", "t", "t", "t", "t", "t", "t", "t", "t", "t", "t", "t", "t", "t", "t", "t", "t", "t", "t", "t", "t", "t", "t", "t", "t", "t", "t", "t", "t", "t", "t", "t", "t", "t", "t", "t", "t", "t", "t", "t", "t", "t", "t", "t", "t", "t", "t", "t", "t", "t", "t", "t"], "episode_rewards": [43.0, 16.0, 12.0, 9.0, 10.0, 15.0, 15.0, 63.0, 35.0, 47.0, 40.0, 42.0, 133.0, 147.0, 200.0, 200.0, 147.0, 151.0, 183.0, 200.0, 200.0, 200.0, 200.0, 200.0, 200.0, 200.0, 200.0, 200.0, 200.0, 200.0, 200.0, 200.0, 200.0, 193.0, 181.0, 132.0, 158.0, 172.0, 200.0, 200.0, 200.0, 200.0, 200.0, 200.0, 200.0, 200.0, 200.0, 200.0, 200.0, 200.0, 200.0, 200.0, 200.0, 200.0, 200.0, 200.0, 200.0, 200.0, 200.0, 200.0, 200.0, 200.0, 200.0, 200.0, 200.0, 200.0, 200.0, 200.0, 200.0, 200.0, 200.0, 200.0, 200.0, 200.0], "episode_lengths": [43, 16, 12, 9, 10, 15, 15, 63, 35, 47, 40, 42, 133, 147, 200, 200, 147, 151, 183, 200, 200, 200, 200, 200, 200, 200, 200, 200, 200, 200, 200, 200, 200, 193, 181, 132, 158, 172, 200, 200, 200, 200, 200, 200, 200, 200, 200, 200, 200, 200, 200, 200, 200, 200, 200, 200, 200, 200, 200, 200, 200, 200, 200, 200, 200, 200, 200, 200, 200, 200, 200, 200, 200, 200], "timestamps": [1640016823.3720186, 1640016823.4284909, 1640016823.465692, 1640016823.5061414, 1640016823.5394557, 1640016823.5901065, 1640016823.6424205, 1640016824.76271, 1640016824.9836707, 1640016825.5107026, 1640016825.6311612, 1640016825.7371702, 1640016826.3358002, 1640016827.1196241, 1640016828.4814618, 1640016829.741335, 1640016831.049141, 1640016831.5253284, 1640016832.6025028, 1640016833.3030498, 1640016834.8108373, 1640016836.0047152, 1640016836.8182573, 1640016838.5069876, 1640016839.2164764, 1640016839.9879816, 1640016840.7012877, 1640016841.634767, 1640016842.5499172, 1640016843.4723115, 1640016844.2366154, 1640016844.8860025, 1640016845.7076828, 1640016846.5260122, 1640016847.0979478, 1640016847.572777, 1640016848.1146533, 1640016849.4422543, 1640016851.5364947, 1640016854.6521122, 1640016856.8439746, 1640016859.8070552, 1640016862.9073775, 1640016865.4798217, 1640016868.0779538, 1640016869.826406, 1640016872.8558664, 1640016876.3512843, 1640016879.0719047, 1640016882.19134, 1640016884.000058, 1640016885.9282703, 1640016888.995405, 1640016891.357644, 1640016894.8815143, 1640016897.2254171, 1640016900.8603349, 1640016905.50308, 1640016907.7453873, 1640016910.469462, 1640016913.136025, 1640016916.2167587, 1640016920.6224184, 1640016923.3645108, 1640016927.097148, 1640016929.80154, 1640016933.4485986, 1640016937.0842237, 1640016939.8487945, 1640016943.0903826, 1640016945.1999743, 1640016948.8797781, 1640016951.7679641, 1640016953.6185772]}