{"initial_reset_timestamp": 1640016822.9297798, "episode_types": ["t", "t", "t", "t", "t", "t", "t", "t", "t", "t", "t", "t", "t", "t", "t", "t", "t", "t", "t", "t", "t", "t", "t", "t", "t", "t", "t", "t", "t", "t", "t", "t", "t", "t", "t", "t", "t", "t", "t", "t", "t", "t", "t", "t", "t", "t", "t", "t", "t", "t", "t", "t", "t", "t", "t", "t", "t", "t", "t", "t", "t", "t", "t", "t", "t", "t", "t", "t"], "episode_rewards": [27.0, 21.0, 42.0, 36.0, 63.0, 200.0, 200.0, 174.0, 200.0, 200.0, 186.0, 200.0, 200.0, 200.0, 200.0, 200.0, 200.0, 200.0, 200.0, 200.0, 200.0, 200.0, 200.0, 200.0, 200.0, 200.0, 200.0, 165.0, 158.0, 158.0, 185.0, 200.0, 200.0, 200.0, 200.0, 200.0, 200.0, 200.0, 200.0, 200.0, 200.0, 200.0, 200.0, 200.0, 200.0, 200.0, 200.0, 200.0, 200.0, 200.0, 191.0, 200.0, 200.0, 200.0, 200.0, 200.0, 200.0, 200.0, 200.0, 200.0, 200.0, 200.0, 200.0, 200.0, 200.0, 200.0, 200.0], "episode_lengths": [27, 21, 42, 36, 63, 200, 200, 174, 200, 200, 186, 200, 200, 200, 200, 200, 200, 200, 200, 200, 200, 200, 200, 200, 200, 200, 200, 165, 158, 158, 185, 200, 200, 200, 200, 200, 200, 200, 200, 200, 200, 200, 200, 200, 200, 200, 200, 200, 200, 200, 191, 200, 200, 200, 200, 200, 200, 200, 200, 200, 200, 200, 200, 200, 200, 200, 200], "timestamps": [1640016823.293701, 1640016823.3989723, 1640016823.5394702, 1640016824.4662068, 1640016824.7750688, 1640016826.112769, 1640016826.7397938, 1640016828.3152828, 1640016829.0928898, 1640016831.0287554, 1640016831.5716789, 1640016832.668605, 1640016833.4339497, 1640016835.012712, 1640016836.310429, 1640016836.9250097, 1640016838.6120849, 1640016839.2888625, 1640016840.059974, 1640016841.091101, 1640016841.706565, 1640016842.737841, 1640016843.5512753, 1640016844.3150558, 1640016845.1817484, 1640016845.7703397, 1640016846.6277964, 1640016847.1675034, 1640016847.6845355, 1640016848.4817286, 1640016850.0133908, 1640016852.6821344, 1640016855.06761, 1640016857.958576, 1640016861.0336428, 1640016863.5748377, 1640016866.6772497, 1640016868.4973788, 1640016871.231332, 1640016874.2193565, 1640016877.066576, 1640016880.4737701, 1640016882.7984571, 1640016884.8484461, 1640016887.1658401, 1640016889.5861435, 1640016892.6570683, 1640016895.3988082, 1640016898.8192616, 1640016903.0416834, 1640016906.011723, 1640016908.9967127, 1640016910.7814872, 1640016914.6360867, 1640016917.8110602, 1640016921.0583444, 1640016924.787646, 1640016927.8199067, 1640016931.1043878, 1640016934.9917274, 1640016937.5015178, 1640016941.1899207, 1640016943.6495929, 1640016947.0504563, 1640016949.988619, 1640016952.250695, 1640016954.5981138]}