{"initial_reset_timestamp": 1640016822.93923, "episode_types": ["t", "t", "t", "t", "t", "t", "t", "t", "t", "t", "t", "t", "t", "t", "t", "t", "t", "t", "t", "t", "t", "t", "t", "t", "t", "t", "t", "t", "t", "t", "t", "t", "t", "t", "t", "t", "t", "t", "t", "t", "t", "t", "t", "t", "t", "t", "t", "t", "t", "t", "t", "t", "t", "t", "t", "t", "t", "t", "t", "t", "t", "t", "t", "t", "t", "t", "t", "t", "t", "t", "t", "t"], "episode_rewards": [31.0, 16.0, 29.0, 14.0, 31.0, 16.0, 39.0, 74.0, 75.0, 33.0, 164.0, 200.0, 200.0, 200.0, 200.0, 167.0, 200.0, 200.0, 200.0, 200.0, 200.0, 200.0, 200.0, 200.0, 200.0, 200.0, 200.0, 200.0, 200.0, 200.0, 200.0, 173.0, 148.0, 160.0, 179.0, 200.0, 200.0, 200.0, 200.0, 200.0, 200.0, 200.0, 200.0, 200.0, 200.0, 200.0, 200.0, 200.0, 200.0, 200.0, 200.0, 200.0, 200.0, 200.0, 200.0, 200.0, 200.0, 200.0, 200.0, 200.0, 200.0, 200.0, 200.0, 200.0, 200.0, 200.0, 200.0, 200.0, 200.0, 200.0, 200.0], "episode_lengths": [31, 16, 29, 14, 31, 16, 39, 74, 75, 33, 164, 200, 200, 200, 200, 167, 200, 200, 200, 200, 200, 200, 200, 200, 200, 200, 200, 200, 200, 200, 200, 173, 148, 160, 179, 200, 200, 200, 200, 200, 200, 200, 200, 200, 200, 200, 200, 200, 200, 200, 200, 200, 200, 200, 200, 200, 200, 200, 200, 200, 200, 200, 200, 200, 200, 200, 200, 200, 200, 200, 200], "timestamps": [1640016823.3295178, 1640016823.3956761, 1640016823.4869, 1640016823.5416741, 1640016823.6461844, 1640016824.5468419, 1640016824.748904, 1640016825.0825775, 1640016825.6821413, 1640016825.7573245, 1640016826.6265812, 1640016827.8181977, 1640016829.0099435, 1640016830.1876223, 1640016831.5172374, 1640016832.223452, 1640016833.2230694, 1640016834.6510508, 1640016835.9708912, 1640016836.7785294, 1640016838.0671928, 1640016839.1801353, 1640016839.9578145, 1640016840.6673315, 1640016841.5943408, 1640016842.2310286, 1640016843.3922236, 1640016844.194044, 1640016844.8505602, 1640016845.6694493, 1640016846.2441988, 1640016847.0522993, 1640016847.5631468, 1640016848.107278, 1640016849.4706023, 1640016851.5636177, 1640016854.681506, 1640016856.8649316, 1640016859.8528867, 1640016862.9520187, 1640016865.5244982, 1640016868.100184, 1640016869.8824587, 1640016872.919752, 1640016876.400905, 1640016879.116035, 1640016882.22086, 1640016884.0255134, 1640016885.9585667, 1640016889.0439012, 1640016891.394886, 1640016894.939659, 1640016897.2661672, 1640016900.9297316, 1640016905.5487292, 1640016907.814781, 1640016910.501162, 1640016913.2213018, 1640016916.2451193, 1640016920.7027469, 1640016923.4036446, 1640016927.1313806, 1640016929.85465, 1640016933.4810984, 1640016937.1140056, 1640016939.8974922, 1640016943.1433518, 1640016945.271306, 1640016948.9381287, 1640016951.8047867, 1640016953.6428459]}