{"initial_reset_timestamp": 1640016822.9170442, "episode_types": ["t", "t", "t", "t", "t", "t", "t", "t", "t", "t", "t", "t", "t", "t", "t", "t", "t", "t", "t", "t", "t", "t", "t", "t", "t", "t", "t", "t", "t", "t", "t", "t", "t", "t", "t", "t", "t", "t", "t", "t", "t", "t", "t", "t", "t", "t", "t", "t", "t", "t", "t", "t", "t", "t", "t", "t", "t", "t", "t", "t", "t", "t", "t", "t", "t", "t", "t", "t", "t", "t"], "episode_rewards": [27.0, 18.0, 43.0, 39.0, 42.0, 64.0, 64.0, 71.0, 76.0, 200.0, 200.0, 200.0, 200.0, 200.0, 200.0, 200.0, 200.0, 200.0, 200.0, 200.0, 200.0, 200.0, 200.0, 200.0, 200.0, 200.0, 200.0, 200.0, 200.0, 186.0, 180.0, 174.0, 200.0, 200.0, 200.0, 200.0, 200.0, 200.0, 200.0, 200.0, 200.0, 200.0, 200.0, 200.0, 200.0, 200.0, 200.0, 200.0, 200.0, 200.0, 200.0, 200.0, 200.0, 200.0, 200.0, 200.0, 200.0, 200.0, 200.0, 200.0, 200.0, 200.0, 200.0, 200.0, 200.0, 200.0, 200.0, 200.0, 200.0], "episode_lengths": [27, 18, 43, 39, 42, 64, 64, 71, 76, 200, 200, 200, 200, 200, 200, 200, 200, 200, 200, 200, 200, 200, 200, 200, 200, 200, 200, 200, 200, 186, 180, 174, 200, 200, 200, 200, 200, 200, 200, 200, 200, 200, 200, 200, 200, 200, 200, 200, 200, 200, 200, 200, 200, 200, 200, 200, 200, 200, 200, 200, 200, 200, 200, 200, 200, 200, 200, 200, 200], "timestamps": [1640016823.2919397, 1640016823.3876414, 1640016823.5309055, 1640016824.4821677, 1640016824.7351537, 1640016825.0316358, 1640016825.60333, 1640016825.7768767, 1640016826.2431328, 1640016827.2687132, 1640016828.5248644, 1640016829.8955126, 1640016831.1584861, 1640016832.0965998, 1640016833.1544795, 1640016833.9836638, 1640016835.8703132, 1640016836.4806597, 1640016837.780387, 1640016839.0878134, 1640016839.6573544, 1640016840.5482872, 1640016841.2451649, 1640016842.15145, 1640016843.2769833, 1640016843.9087722, 1640016844.762335, 1640016845.3524368, 1640016846.1615207, 1640016846.9845655, 1640016847.5629678, 1640016848.1434155, 1640016849.7751753, 1640016852.1990125, 1640016854.854358, 1640016857.6982493, 1640016860.1174543, 1640016863.280053, 1640016866.4759188, 1640016868.3159807, 1640016870.9343772, 1640016873.384046, 1640016876.727642, 1640016880.193525, 1640016882.5189526, 1640016884.7224896, 1640016886.2729096, 1640016889.2137902, 1640016892.4728184, 1640016895.1682396, 1640016898.4960184, 1640016901.3450284, 1640016905.8404622, 1640016908.8647625, 1640016910.649094, 1640016914.5013475, 1640016916.4260466, 1640016920.9611182, 1640016924.4554641, 1640016927.537172, 1640016931.004361, 1640016933.8336809, 1640016937.3466573, 1640016941.014734, 1640016943.446446, 1640016946.863678, 1640016949.2394867, 1640016952.0657754, 1640016954.4355679]}