{"initial_reset_timestamp": 1640016822.9337249, "episode_types": ["t", "t", "t", "t", "t", "t", "t", "t", "t", "t", "t", "t", "t", "t", "t", "t", "t", "t", "t", "t", "t", "t", "t", "t", "t", "t", "t", "t", "t", "t", "t", "t", "t", "t", "t", "t", "t", "t", "t", "t", "t", "t", "t", "t", "t", "t", "t", "t", "t", "t", "t", "t", "t", "t", "t", "t", "t", "t", "t", "t", "t", "t", "t", "t", "t", "t", "t", "t", "t", "t", "t", "t"], "episode_rewards": [19.0, 46.0, 15.0, 12.0, 20.0, 48.0, 52.0, 44.0, 178.0, 94.0, 181.0, 200.0, 156.0, 200.0, 153.0, 200.0, 200.0, 200.0, 200.0, 200.0, 200.0, 200.0, 200.0, 200.0, 200.0, 200.0, 200.0, 200.0, 200.0, 200.0, 196.0, 151.0, 170.0, 160.0, 200.0, 200.0, 200.0, 200.0, 200.0, 200.0, 200.0, 200.0, 200.0, 200.0, 200.0, 200.0, 200.0, 200.0, 200.0, 200.0, 200.0, 200.0, 200.0, 200.0, 200.0, 200.0, 200.0, 200.0, 200.0, 200.0, 200.0, 200.0, 200.0, 200.0, 200.0, 200.0, 200.0, 200.0, 200.0, 200.0, 200.0], "episode_lengths": [19, 46, 15, 12, 20, 48, 52, 44, 178, 94, 181, 200, 156, 200, 153, 200, 200, 200, 200, 200, 200, 200, 200, 200, 200, 200, 200, 200, 200, 200, 196, 151, 170, 160, 200, 200, 200, 200, 200, 200, 200, 200, 200, 200, 200, 200, 200, 200, 200, 200, 200, 200, 200, 200, 200, 200, 200, 200, 200, 200, 200, 200, 200, 200, 200, 200, 200, 200, 200, 200, 200], "timestamps": [1640016823.259084, 1640016823.4488533, 1640016823.506598, 1640016823.5469851, 1640016823.614808, 1640016824.6853337, 1640016824.9281754, 1640016825.494097, 1640016826.218226, 1640016826.6368136, 1640016827.7318714, 1640016828.9740193, 1640016830.03468, 1640016831.401051, 1640016832.0350559, 1640016832.776963, 1640016833.9209049, 1640016835.801079, 1640016836.4343932, 1640016837.532461, 1640016838.7532408, 1640016839.606029, 1640016840.4938874, 1640016841.2022076, 1640016842.1019804, 1640016842.8948479, 1640016843.867488, 1640016844.7216172, 1640016845.3060513, 1640016846.1048174, 1640016846.7521713, 1640016847.4800773, 1640016848.0285687, 1640016848.6868553, 1640016851.2682664, 1640016853.318934, 1640016856.4473147, 1640016859.403982, 1640016861.629231, 1640016865.1470335, 1640016867.1404324, 1640016869.4685745, 1640016872.3287659, 1640016874.9694335, 1640016878.5520377, 1640016881.0976844, 1640016883.748027, 1640016885.6506855, 1640016887.6603568, 1640016890.9194188, 1640016893.440848, 1640016896.7706027, 1640016900.4926019, 1640016903.8612423, 1640016907.381451, 1640016909.4874387, 1640016912.7208903, 1640016915.9572828, 1640016918.946391, 1640016923.070948, 1640016925.8096037, 1640016929.4339783, 1640016933.066762, 1640016935.9930468, 1640016939.4784608, 1640016941.950642, 1640016944.9424992, 1640016948.41119, 1640016950.6078022, 1640016953.3188214, 1640016955.1171863]}