{"initial_reset_timestamp": 1640016822.914909, "episode_types": ["t", "t", "t", "t", "t", "t", "t", "t", "t", "t", "t", "t", "t", "t", "t", "t", "t", "t", "t", "t", "t", "t", "t", "t", "t", "t", "t", "t", "t", "t", "t", "t", "t", "t", "t", "t", "t", "t", "t", "t", "t", "t", "t", "t", "t", "t", "t", "t", "t", "t", "t", "t", "t", "t", "t", "t", "t", "t", "t", "t", "t", "t", "t", "t", "t", "t", "t", "t", "t", "t", "t", "t", "t"], "episode_rewards": [19.0, 14.0, 11.0, 18.0, 38.0, 19.0, 109.0, 67.0, 57.0, 87.0, 64.0, 161.0, 179.0, 197.0, 183.0, 191.0, 200.0, 200.0, 200.0, 200.0, 200.0, 200.0, 200.0, 200.0, 200.0, 200.0, 200.0, 200.0, 200.0, 200.0, 200.0, 174.0, 177.0, 143.0, 143.0, 195.0, 200.0, 200.0, 200.0, 200.0, 200.0, 200.0, 200.0, 200.0, 200.0, 200.0, 200.0, 200.0, 200.0, 200.0, 200.0, 200.0, 197.0, 200.0, 200.0, 200.0, 200.0, 200.0, 200.0, 200.0, 200.0, 200.0, 200.0, 200.0, 200.0, 200.0, 200.0, 200.0, 200.0, 200.0, 200.0, 200.0], "episode_lengths": [19, 14, 11, 18, 38, 19, 109, 67, 57, 87, 64, 161, 179, 197, 183, 191, 200, 200, 200, 200, 200, 200, 200, 200, 200, 200, 200, 200, 200, 200, 200, 174, 177, 143, 143, 195, 200, 200, 200, 200, 200, 200, 200, 200, 200, 200, 200, 200, 200, 200, 200, 200, 197, 200, 200, 200, 200, 200, 200, 200, 200, 200, 200, 200, 200, 200, 200, 200, 200, 200, 200, 200], "timestamps": [1640016823.255131, 1640016823.338611, 1640016823.379672, 1640016823.439769, 1640016823.5745347, 1640016823.6384833, 1640016825.0210357, 1640016825.5978372, 1640016825.7462704, 1640016826.2302873, 1640016826.5959404, 1640016827.4205215, 1640016828.5201676, 1640016829.8659115, 1640016831.1220274, 1640016832.0216925, 1640016832.7661273, 1640016833.9097648, 1640016835.768232, 1640016836.423637, 1640016837.5075636, 1640016838.7435832, 1640016839.5909092, 1640016840.484859, 1640016841.192888, 1640016842.0908778, 1640016842.8850086, 1640016843.8579597, 1640016844.7101214, 1640016845.2974315, 1640016846.0938313, 1640016846.6991985, 1640016847.4782982, 1640016847.9689784, 1640016848.543249, 1640016850.1670227, 1640016852.9354799, 1640016855.9624739, 1640016858.1798434, 1640016861.1950455, 1640016863.927499, 1640016866.861466, 1640016869.123304, 1640016871.5458405, 1640016874.5018005, 1640016877.4199543, 1640016880.66809, 1640016883.4840426, 1640016884.9893396, 1640016887.3330867, 1640016889.917024, 1640016892.8890042, 1640016896.4142935, 1640016899.1351767, 1640016903.3570373, 1640016906.2988195, 1640016909.179702, 1640016912.1047752, 1640016914.8983123, 1640016918.2653606, 1640016921.3549469, 1640016925.3002539, 1640016928.9195862, 1640016931.4515774, 1640016935.5318158, 1640016937.9395258, 1640016941.4378688, 1640016944.6684563, 1640016947.3708775, 1640016950.2245746, 1640016952.5007784, 1640016954.7941253]}