{"initial_reset_timestamp": 1640016822.9311328, "episode_types": ["t", "t", "t", "t", "t", "t", "t", "t", "t", "t", "t", "t", "t", "t", "t", "t", "t", "t", "t", "t", "t", "t", "t", "t", "t", "t", "t", "t", "t", "t", "t", "t", "t", "t", "t", "t", "t", "t", "t", "t", "t", "t", "t", "t", "t", "t", "t", "t", "t", "t", "t", "t", "t", "t", "t", "t", "t", "t", "t", "t", "t", "t", "t", "t", "t", "t", "t", "t", "t", "t", "t", "t", "t"], "episode_rewards": [15.0, 29.0, 15.0, 19.0, 15.0, 22.0, 25.0, 58.0, 44.0, 46.0, 200.0, 200.0, 109.0, 142.0, 200.0, 161.0, 200.0, 200.0, 200.0, 200.0, 200.0, 200.0, 200.0, 200.0, 200.0, 200.0, 200.0, 200.0, 200.0, 200.0, 200.0, 200.0, 175.0, 179.0, 176.0, 200.0, 200.0, 200.0, 200.0, 200.0, 200.0, 200.0, 200.0, 200.0, 200.0, 200.0, 200.0, 200.0, 200.0, 200.0, 200.0, 200.0, 200.0, 200.0, 200.0, 200.0, 200.0, 200.0, 200.0, 200.0, 200.0, 200.0, 200.0, 200.0, 200.0, 200.0, 200.0, 200.0, 200.0, 200.0, 200.0, 200.0], "episode_lengths": [15, 29, 15, 19, 15, 22, 25, 58, 44, 46, 200, 200, 109, 142, 200, 161, 200, 200, 200, 200, 200, 200, 200, 200, 200, 200, 200, 200, 200, 200, 200, 200, 175, 179, 176, 200, 200, 200, 200, 200, 200, 200, 200, 200, 200, 200, 200, 200, 200, 200, 200, 200, 200, 200, 200, 200, 200, 200, 200, 200, 200, 200, 200, 200, 200, 200, 200, 200, 200, 200, 200, 200], "timestamps": [1640016823.222659, 1640016823.3775656, 1640016823.4284937, 1640016823.4953763, 1640016823.5525153, 1640016823.6249413, 1640016824.5741513, 1640016824.8135743, 1640016825.0510414, 1640016825.576409, 1640016826.3536916, 1640016827.580232, 1640016828.401383, 1640016829.0447674, 1640016830.9655235, 1640016831.466662, 1640016832.2655501, 1640016833.2695026, 1640016834.7488096, 1640016835.9900148, 1640016836.8016386, 1640016838.1459496, 1640016839.203359, 1640016839.97485, 1640016840.6858568, 1640016841.615295, 1640016842.2567635, 1640016843.4202943, 1640016844.2150228, 1640016844.8727903, 1640016845.6943624, 1640016846.2672524, 1640016847.0804076, 1640016847.6515303, 1640016848.484295, 1640016850.1291754, 1640016852.8250818, 1640016855.861386, 1640016858.0673263, 1640016861.108438, 1640016863.7333965, 1640016866.7635558, 1640016869.0275702, 1640016871.3709166, 1640016874.3560846, 1640016877.278722, 1640016880.560944, 1640016883.3862727, 1640016884.918026, 1640016887.2425072, 1640016889.729586, 1640016892.736056, 1640016896.32047, 1640016898.9780679, 1640016903.2179987, 1640016906.2114677, 1640016909.1129034, 1640016911.961184, 1640016914.7980843, 1640016918.1003754, 1640016921.2295969, 1640016925.140667, 1640016928.7393165, 1640016931.286318, 1640016935.3332, 1640016937.7765145, 1640016941.3390925, 1640016944.584039, 1640016947.2561982, 1640016950.1368566, 1640016952.4031615, 1640016954.727893]}