{"initial_reset_timestamp": 1640016822.913488, "episode_types": ["t", "t", "t", "t", "t", "t", "t", "t", "t", "t", "t", "t", "t", "t", "t", "t", "t", "t", "t", "t", "t", "t", "t", "t", "t", "t", "t", "t", "t", "t", "t", "t", "t", "t", "t", "t", "t", "t", "t", "t", "t", "t", "t", "t", "t", "t", "t", "t", "t", "t", "t", "t", "t", "t", "t", "t", "t", "t", "t", "t", "t", "t", "t", "t", "t", "t", "t", "t", "t", "t", "t", "t", "t", "t"], "episode_rewards": [15.0, 21.0, 18.0, 25.0, 25.0, 12.0, 11.0, 41.0, 29.0, 87.0, 29.0, 111.0, 141.0, 200.0, 162.0, 183.0, 200.0, 160.0, 200.0, 200.0, 200.0, 200.0, 200.0, 200.0, 200.0, 200.0, 200.0, 200.0, 200.0, 200.0, 200.0, 200.0, 200.0, 160.0, 153.0, 174.0, 172.0, 200.0, 200.0, 200.0, 200.0, 200.0, 200.0, 200.0, 200.0, 200.0, 200.0, 200.0, 200.0, 200.0, 200.0, 200.0, 200.0, 200.0, 200.0, 200.0, 200.0, 200.0, 200.0, 200.0, 200.0, 200.0, 200.0, 200.0, 200.0, 200.0, 200.0, 200.0, 200.0, 200.0, 200.0, 200.0, 200.0], "episode_lengths": [15, 21, 18, 25, 25, 12, 11, 41, 29, 87, 29, 111, 141, 200, 162, 183, 200, 160, 200, 200, 200, 200, 200, 200, 200, 200, 200, 200, 200, 200, 200, 200, 200, 160, 153, 174, 172, 200, 200, 200, 200, 200, 200, 200, 200, 200, 200, 200, 200, 200, 200, 200, 200, 200, 200, 200, 200, 200, 200, 200, 200, 200, 200, 200, 200, 200, 200, 200, 200, 200, 200, 200, 200], "timestamps": [1640016823.2225258, 1640016823.3527079, 1640016823.4174364, 1640016823.5008185, 1640016823.586523, 1640016823.6307206, 1640016824.4844322, 1640016824.7321014, 1640016824.8031836, 1640016825.5609326, 1640016825.6530013, 1640016826.1939366, 1640016826.6988997, 1640016828.3222191, 1640016829.0222275, 1640016830.1475627, 1640016831.485855, 1640016832.1657917, 1640016833.1897664, 1640016834.0344138, 1640016835.9341662, 1640016836.745483, 1640016837.9332693, 1640016839.1393557, 1640016839.7043765, 1640016840.61541, 1640016841.5533643, 1640016842.1936707, 1640016843.344155, 1640016843.9544597, 1640016844.8143032, 1640016845.6375759, 1640016846.2072911, 1640016846.9872458, 1640016847.5120208, 1640016848.0769217, 1640016849.3997605, 1640016851.4880893, 1640016854.5740323, 1640016856.7345843, 1640016859.6976936, 1640016862.7812717, 1640016865.362101, 1640016867.9872887, 1640016869.6963074, 1640016872.659401, 1640016876.2024565, 1640016878.8663712, 1640016882.1175165, 1640016883.9242353, 1640016885.8631084, 1640016888.8410158, 1640016891.2269511, 1640016894.698455, 1640016897.0942664, 1640016900.6864996, 1640016905.3487046, 1640016907.6204715, 1640016910.3396947, 1640016912.9797657, 1640016916.1364663, 1640016920.4345791, 1640016923.260978, 1640016926.9382231, 1640016929.635457, 1640016933.319448, 1640016936.964839, 1640016939.7167544, 1640016942.955327, 1640016945.0986712, 1640016948.7219567, 1640016951.6447282, 1640016953.5293825]}