{"Iteration": 0, "Steps": 1019999, "Epsilon": 0.050000000000000044, "Episodes": 8, "AverageReturn": -16.75, "AverageDiscountedReturn": -0.47949964248793264, "TDError^2": 0.008043239824473858}
{"Iteration": 1, "Steps": 1029999, "Epsilon": 0.050000000000000044, "Episodes": 12, "AverageReturn": -17.8, "AverageDiscountedReturn": -0.7534580755224146, "TDError^2": 0.00761747220531106}
{"Iteration": 0, "Steps": 1019999, "Epsilon": 0.050000000000000044, "Episodes": 8, "AverageReturn": -17.375, "AverageDiscountedReturn": -0.49720563338775103, "TDError^2": 0.0063910349272191525}
{"Iteration": 1, "Steps": 1029999, "Epsilon": 0.050000000000000044, "Episodes": 13, "AverageReturn": -17.9, "AverageDiscountedReturn": -0.5488777904078418, "TDError^2": 0.00813925638794899}
{"Iteration": 2, "Steps": 1039999, "Epsilon": 0.050000000000000044, "Episodes": 18, "AverageReturn": -19.1, "AverageDiscountedReturn": -0.5533219614067846, "TDError^2": 0.005586419254541397}
{"Iteration": 3, "Steps": 1049999, "Epsilon": 0.050000000000000044, "Episodes": 22, "AverageReturn": -18.3, "AverageDiscountedReturn": -0.5918210905304506, "TDError^2": 0.010585363022983074}
{"Iteration": 4, "Steps": 1059999, "Epsilon": 0.050000000000000044, "Episodes": 26, "AverageReturn": -17.7, "AverageDiscountedReturn": -0.6249909302652081, "TDError^2": 0.005890946369618177}
{"Iteration": 5, "Steps": 1069999, "Epsilon": 0.050000000000000044, "Episodes": 30, "AverageReturn": -17.4, "AverageDiscountedReturn": -0.7733197384990091, "TDError^2": 0.005685233976691961}
{"Iteration": 6, "Steps": 1079999, "Epsilon": 0.050000000000000044, "Episodes": 33, "AverageReturn": -17.4, "AverageDiscountedReturn": -0.6470677873363823, "TDError^2": 0.006932148244231939}
{"Iteration": 7, "Steps": 1089999, "Epsilon": 0.050000000000000044, "Episodes": 38, "AverageReturn": -17.4, "AverageDiscountedReturn": -0.5229073127303188, "TDError^2": 0.008253677748143673}
{"Iteration": 8, "Steps": 1099999, "Epsilon": 0.050000000000000044, "Episodes": 42, "AverageReturn": -17.3, "AverageDiscountedReturn": -0.48788700514359357, "TDError^2": 0.007691642735153437}
{"Iteration": 9, "Steps": 1109999, "Epsilon": 0.050000000000000044, "Episodes": 46, "AverageReturn": -16.7, "AverageDiscountedReturn": -0.4942822829727967, "TDError^2": 0.007955114357173443}
{"Iteration": 10, "Steps": 1119999, "Epsilon": 0.050000000000000044, "Episodes": 50, "AverageReturn": -16.2, "AverageDiscountedReturn": -0.5460736024302009, "TDError^2": 0.005757273640483618}
{"Iteration": 11, "Steps": 1129999, "Epsilon": 0.050000000000000044, "Episodes": 54, "AverageReturn": -16.6, "AverageDiscountedReturn": -0.5525509493281311, "TDError^2": 0.006307593081146479}
{"Iteration": 12, "Steps": 1139999, "Epsilon": 0.050000000000000044, "Episodes": 57, "AverageReturn": -16.3, "AverageDiscountedReturn": -0.38064325019262857, "TDError^2": 0.004872607998549938}
{"Iteration": 13, "Steps": 1149999, "Epsilon": 0.050000000000000044, "Episodes": 60, "AverageReturn": -16.5, "AverageDiscountedReturn": -0.3505876454447938, "TDError^2": 0.004118878394365311}
{"Iteration": 14, "Steps": 1159999, "Epsilon": 0.050000000000000044, "Episodes": 64, "AverageReturn": -15.4, "AverageDiscountedReturn": -0.15946185014900566, "TDError^2": 0.0061696963384747505}
{"Iteration": 0, "Steps": 1019999, "Epsilon": 0.050000000000000044, "Episodes": 8, "AverageReturn": -17.125, "AverageDiscountedReturn": -0.5459073229327405, "TDError^2": 0.00555254565551877}
{"Iteration": 1, "Steps": 1029999, "Epsilon": 0.050000000000000044, "Episodes": 12, "AverageReturn": -16.9, "AverageDiscountedReturn": -0.4553553516178607, "TDError^2": 0.0079491613432765}
{"Iteration": 2, "Steps": 1039999, "Epsilon": 0.050000000000000044, "Episodes": 15, "AverageReturn": -16.0, "AverageDiscountedReturn": -0.36881698444528066, "TDError^2": 0.004636228550225496}
{"Iteration": 3, "Steps": 1049999, "Epsilon": 0.050000000000000044, "Episodes": 18, "AverageReturn": -15.0, "AverageDiscountedReturn": -0.3679969829715913, "TDError^2": 0.005646786652505398}
{"Iteration": 4, "Steps": 1059999, "Epsilon": 0.050000000000000044, "Episodes": 21, "AverageReturn": -14.8, "AverageDiscountedReturn": -0.3586248127505325, "TDError^2": 0.006994965486228466}
{"Iteration": 5, "Steps": 1069999, "Epsilon": 0.050000000000000044, "Episodes": 25, "AverageReturn": -15.3, "AverageDiscountedReturn": -0.4992376616574665, "TDError^2": 0.003740428015589714}
{"Iteration": 6, "Steps": 1079999, "Epsilon": 0.050000000000000044, "Episodes": 29, "AverageReturn": -16.2, "AverageDiscountedReturn": -0.462649652026502, "TDError^2": 0.0055882795713841915}
{"Iteration": 7, "Steps": 1089999, "Epsilon": 0.050000000000000044, "Episodes": 33, "AverageReturn": -17.5, "AverageDiscountedReturn": -0.5505098415508688, "TDError^2": 0.00444376515224576}
{"Iteration": 8, "Steps": 1099999, "Epsilon": 0.050000000000000044, "Episodes": 37, "AverageReturn": -16.9, "AverageDiscountedReturn": -0.5051622485564831, "TDError^2": 0.005423814058303833}
{"Iteration": 9, "Steps": 1109999, "Epsilon": 0.050000000000000044, "Episodes": 40, "AverageReturn": -16.0, "AverageDiscountedReturn": -0.4831351354330736, "TDError^2": 0.006130694877356291}
{"Iteration": 10, "Steps": 1119999, "Epsilon": 0.050000000000000044, "Episodes": 43, "AverageReturn": -15.6, "AverageDiscountedReturn": -0.42551270561456817, "TDError^2": 0.0062875342555344105}
{"Iteration": 11, "Steps": 1129999, "Epsilon": 0.050000000000000044, "Episodes": 46, "AverageReturn": -15.9, "AverageDiscountedReturn": -0.349638269363482, "TDError^2": 0.004343539010733366}
{"Iteration": 12, "Steps": 1139999, "Epsilon": 0.050000000000000044, "Episodes": 49, "AverageReturn": -16.5, "AverageDiscountedReturn": -0.3516639760539392, "TDError^2": 0.0046007949858903885}
{"Iteration": 13, "Steps": 1149999, "Epsilon": 0.050000000000000044, "Episodes": 53, "AverageReturn": -17.1, "AverageDiscountedReturn": -0.32142257102373645, "TDError^2": 0.0065049356780946255}
{"Iteration": 14, "Steps": 1159999, "Epsilon": 0.050000000000000044, "Episodes": 56, "AverageReturn": -16.2, "AverageDiscountedReturn": -0.5002979214434965, "TDError^2": 0.004870198667049408}
{"Iteration": 15, "Steps": 1169999, "Epsilon": 0.050000000000000044, "Episodes": 60, "AverageReturn": -15.8, "AverageDiscountedReturn": -0.6886392828123264, "TDError^2": 0.0053880601190030575}
{"Iteration": 16, "Steps": 1179999, "Epsilon": 0.050000000000000044, "Episodes": 64, "AverageReturn": -15.9, "AverageDiscountedReturn": -0.7099436102617562, "TDError^2": 0.005756520200520754}
{"Iteration": 17, "Steps": 1189999, "Epsilon": 0.050000000000000044, "Episodes": 67, "AverageReturn": -15.9, "AverageDiscountedReturn": -0.5907145325082559, "TDError^2": 0.007494151592254639}
{"Iteration": 18, "Steps": 1199999, "Epsilon": 0.050000000000000044, "Episodes": 71, "AverageReturn": -17.0, "AverageDiscountedReturn": -0.5490251077495049, "TDError^2": 0.00626604538410902}
{"Iteration": 19, "Steps": 1209999, "Epsilon": 0.050000000000000044, "Episodes": 74, "AverageReturn": -16.3, "AverageDiscountedReturn": -0.3758135966283279, "TDError^2": 0.005043053068220615}
{"Iteration": 20, "Steps": 1219999, "Epsilon": 0.050000000000000044, "Episodes": 77, "AverageReturn": -16.5, "AverageDiscountedReturn": -0.18582696276489605, "TDError^2": 0.006068358197808266}
{"Iteration": 21, "Steps": 1229999, "Epsilon": 0.050000000000000044, "Episodes": 80, "AverageReturn": -16.6, "AverageDiscountedReturn": -0.18771117530717124, "TDError^2": 0.005081270355731249}
{"Iteration": 22, "Steps": 1239999, "Epsilon": 0.050000000000000044, "Episodes": 83, "AverageReturn": -16.8, "AverageDiscountedReturn": -0.14229235602057017, "TDError^2": 0.005124524235725403}
{"Iteration": 23, "Steps": 1249999, "Epsilon": 0.050000000000000044, "Episodes": 86, "AverageReturn": -17.0, "AverageDiscountedReturn": -0.38199343476178066, "TDError^2": 0.004648927133530378}
{"Iteration": 24, "Steps": 1259999, "Epsilon": 0.050000000000000044, "Episodes": 89, "AverageReturn": -17.5,