{"Iteration": 0, "Steps": 1019999, "Epsilon": 0.050000000000000044, "Episodes": 8, "AverageReturn": -18.25, "AverageDiscountedReturn": -3.469672798110192e-18, "TDError^2": 0.0041467477567493916}
{"Iteration": 1, "Steps": 1029999, "Epsilon": 0.050000000000000044, "Episodes": 14, "AverageReturn": -18.6, "AverageDiscountedReturn": -4.527628872522391e-17, "TDError^2": 0.003586067585274577}
{"Iteration": 2, "Steps": 1039999, "Epsilon": 0.050000000000000044, "Episodes": 21, "AverageReturn": -19.9, "AverageDiscountedReturn": -1.9300492994681747e-18, "TDError^2": 0.004933588672429323}
{"Iteration": 3, "Steps": 1049999, "Epsilon": 0.050000000000000044, "Episodes": 28, "AverageReturn": -20.2, "AverageDiscountedReturn": -2.434034208101023e-18, "TDError^2": 0.0035941493697464466}
{"Iteration": 4, "Steps": 1059999, "Epsilon": 0.050000000000000044, "Episodes": 36, "AverageReturn": -20.4, "AverageDiscountedReturn": -2.732673866581473e-21, "TDError^2": 0.002713856752961874}
{"Iteration": 5, "Steps": 1069999, "Epsilon": 0.050000000000000044, "Episodes": 44, "AverageReturn": -20.5, "AverageDiscountedReturn": -5.4324466343960296e-21, "TDError^2": 0.0036245218943804502}
{"Iteration": 6, "Steps": 1079999, "Epsilon": 0.050000000000000044, "Episodes": 53, "AverageReturn": -20.6, "AverageDiscountedReturn": -3.503369008488951e-19, "TDError^2": 0.0034127116668969393}
{"Iteration": 7, "Steps": 1089999, "Epsilon": 0.050000000000000044, "Episodes": 61, "AverageReturn": -20.9, "AverageDiscountedReturn": -1.4128724630392168e-18, "TDError^2": 0.002393875038251281}
{"Iteration": 8, "Steps": 1099999, "Epsilon": 0.050000000000000044, "Episodes": 69, "AverageReturn": -21.0, "AverageDiscountedReturn": -9.76114485074375e-20, "TDError^2": 0.003495877142995596}
{"Iteration": 9, "Steps": 1109999, "Epsilon": 0.050000000000000044, "Episodes": 77, "AverageReturn": -20.9, "AverageDiscountedReturn": -2.2220984666009798e-17, "TDError^2": 0.0041971937753260136}
{"Iteration": 10, "Steps": 1119999, "Epsilon": 0.050000000000000044, "Episodes": 85, "AverageReturn": -20.7, "AverageDiscountedReturn": -2.3245973158289677e-17, "TDError^2": 0.0018930098740383983}
{"Iteration": 11, "Steps": 1129999, "Epsilon": 0.050000000000000044, "Episodes": 93, "AverageReturn": -20.4, "AverageDiscountedReturn": -2.865724954213375e-18, "TDError^2": 0.002180333249270916}
{"Iteration": 12, "Steps": 1139999, "Epsilon": 0.050000000000000044, "Episodes": 101, "AverageReturn": -20.6, "AverageDiscountedReturn": -2.871359660724707e-18, "TDError^2": 0.0026357416063547134}
{"Iteration": 13, "Steps": 1149999, "Epsilon": 0.050000000000000044, "Episodes": 109, "AverageReturn": -20.6, "AverageDiscountedReturn": -2.2248006635199596e-17, "TDError^2": 0.0033646197989583015}
{"Iteration": 14, "Steps": 1159999, "Epsilon": 0.050000000000000044, "Episodes": 117, "AverageReturn": -20.6, "AverageDiscountedReturn": -2.224787640078203e-17, "TDError^2": 0.002856532111763954}
{"Iteration": 15, "Steps": 1169999, "Epsilon": 0.050000000000000044, "Episodes": 125, "AverageReturn": -20.8, "AverageDiscountedReturn": -1.583806079276838e-18, "TDError^2": 0.002042643493041396}
{"Iteration": 16, "Steps": 1179999, "Epsilon": 0.050000000000000044, "Episodes": 133, "AverageReturn": -20.0, "AverageDiscountedReturn": -1.0000692752475096e-16, "TDError^2": 0.0024979484733194113}
{"Iteration": 17, "Steps": 1189999, "Epsilon": 0.050000000000000044, "Episodes": 142, "AverageReturn": -20.4, "AverageDiscountedReturn": -8.881972750753948e-17, "TDError^2": 0.0024234724696725607}
{"Iteration": 18, "Steps": 1199999, "Epsilon": 0.050000000000000044, "Episodes": 150, "AverageReturn": -20.5, "AverageDiscountedReturn": -1.0539055270828416e-18, "TDError^2": 0.0026711157988756895}
{"Iteration": 19, "Steps": 1209999, "Epsilon": 0.050000000000000044, "Episodes": 158, "AverageReturn": -20.7, "AverageDiscountedReturn": -7.271152710430247e-19, "TDError^2": 0.0016670611221343279}
{"Iteration": 20, "Steps": 1219999, "Epsilon": 0.050000000000000044, "Episodes": 165, "AverageReturn": -20.5, "AverageDiscountedReturn": -9.114375812994826e-19, "TDError^2": 0.002085393760353327}
{"Iteration": 21, "Steps": 1229999, "Epsilon": 0.050000000000000044, "Episodes": 173, "AverageReturn": -19.9, "AverageDiscountedReturn": -1.1288075913004245e-17, "TDError^2": 0.0020520768593996763}
{"Iteration": 22, "Steps": 1239999, "Epsilon": 0.050000000000000044, "Episodes": 181, "AverageReturn": -20.3, "AverageDiscountedReturn": -1.1461463722743323e-17, "TDError^2": 0.002407568972557783}
{"Iteration": 23, "Steps": 1249999, "Epsilon": 0.050000000000000044, "Episodes": 189, "AverageReturn": -20.6, "AverageDiscountedReturn": -1.4051387913458383e-17, "TDError^2": 0.003154068486765027}
{"Iteration": 24, "Steps": 1259999, "Epsilon": 0.050000000000000044, "Episodes": 197, "AverageReturn": -20.6, "AverageDiscountedReturn": -1.4152484576000712e-18, "TDError^2": 0.0026051762979477644}
{"Iteration": 25, "Steps": 1269999, "Epsilon": 0.050000000000000044, "Episodes": 206, "AverageReturn": -20.5, "AverageDiscountedReturn": -5.946850249911774e-18, "TDError^2": 0.0016425065696239471}
{"Iteration": 26, "Steps": 1279999, "Epsilon": 0.050000000000000044, "Episodes": 215, "AverageReturn": -20.9, "AverageDiscountedReturn": -4.355983418965007e-18, "TDError^2": 0.0013223221758380532}
{"Iteration": 27, "Steps": 1289999, "Epsilon": 0.050000000000000044, "Episodes": 224, "AverageReturn": -20.9, "AverageDiscountedReturn": -8.94477731764149e-19, "TDError^2": 0.0027182551566511393}
{"Iteration": 28, "Steps": 1299999, "Epsilon": 0.050000000000000044, "Episodes": 233, "AverageReturn": -20.7, "AverageDiscountedReturn": -4.209416015179676e-18, "TDError^2": 0.0017090296605601907}
{"Iteration": 29, "Steps": 1309999, "Epsilon": 0.050000000000000044, "Episodes": 242, "AverageReturn": -20.8, "AverageDiscountedReturn": -1.1689861173206747e-20, "TDError^2": 0.001338019035756588}
{"Iteration": 30, "Steps": 1319999, "Epsilon": 0.050000000000000044, "Episodes": 250, "AverageReturn": -20.7, "AverageDiscountedReturn": -6.187152395863601e-19, "TDError^2": 0.0016775494441390038}
{"Iteration": 31, "Steps": 1329999, "Epsilon": 0.050000000000000044, "Episodes": 259, "AverageReturn": -20.7, "AverageDiscountedReturn": -9.107735207036843e-19, "TDError^2": 0.0011898886878043413}
{"Iteration": 32, "Steps": 1339999, "Epsilon": 0.050000000000000044, "Episodes": 268, "AverageReturn": -20.9, "AverageDiscountedReturn": -8.700725163892317e-18, "TDError^2": 0.0013551488518714905}
