{"timestamps": [1640020907.3623328, 1640021009.352658, 1640021076.9950385, 1640021197.4145215, 1640021275.2042372, 1640021371.6773655, 1640021505.8464959, 1640021613.7379847, 1640021737.0377288, 1640021815.1745245, 1640021937.9293299, 1640022050.3696208, 1640022126.5393732, 1640022207.9760504, 1640022284.6421843, 1640022363.7141545, 1640022476.1737719, 1640022553.301949, 1640022679.029987, 1640022797.4097474, 1640022874.2571397, 1640022989.2571194, 1640023113.3886886, 1640023254.433308], "episode_types": ["t", "t", "t", "t", "t", "t", "t", "t", "t", "t", "t", "t", "t", "t", "t", "t", "t", "t", "t", "t", "t", "t", "t", "t", "t"], "initial_reset_timestamp": 1640020876.9461231, "episode_lengths": [3056, 9941, 6619, 9456, 6619, 8327, 10613, 6853, 10457, 6621, 10550, 9638, 6619, 6945, 6619, 6619, 9695, 6621, 10795, 10171, 6619, 9835, 10626, 9669], "episode_rewards": [-21.0, 5.0, 21.0, 21.0, 21.0, 19.0, 20.0, 20.0, 16.0, 21.0, 20.0, 21.0, 21.0, 20.0, 21.0, 21.0, 21.0, 21.0, 16.0, 19.0, 21.0, 20.0, 18.0, 20.0]}