{"timestamps": [1640020907.0537372, 1640021021.231615, 1640021089.718869, 1640021178.9249854, 1640021296.4628046, 1640021372.598935, 1640021504.5364063, 1640021610.6664507, 1640021731.7003365, 1640021810.0577483, 1640021886.9849343, 1640022010.5032663, 1640022087.2597692, 1640022163.9098215, 1640022251.30136, 1640022329.5921247, 1640022442.2845795, 1640022555.8690577, 1640022640.641316, 1640022776.5634813, 1640022854.688699, 1640022935.5855134, 1640023050.3439074, 1640023163.1312149], "episode_types": ["t", "t", "t", "t", "t", "t", "t", "t", "t", "t", "t", "t", "t", "t", "t", "t", "t", "t", "t", "t", "t", "t", "t", "t", "t"], "initial_reset_timestamp": 1640020877.0190675, "episode_lengths": [3056, 11106, 6619, 6981, 9695, 6621, 10461, 6621, 10321, 6621, 6619, 10636, 6619, 6619, 7435, 6619, 9701, 9701, 7302, 11652, 6813, 6908, 9850, 9434], "episode_rewards": [-21.0, -7.0, 21.0, 20.0, 21.0, 21.0, 19.0, 21.0, 20.0, 21.0, 21.0, 19.0, 21.0, 21.0, 18.0, 21.0, 21.0, 21.0, 20.0, 12.0, 20.0, 20.0, 20.0, 20.0]}