{"timestamps": [1640020906.963049, 1640020958.2323794, 1640021074.200897, 1640021151.7114987, 1640021280.346173, 1640021394.9042473, 1640021541.06609, 1640021636.1493397, 1640021713.8366044, 1640021807.4770358, 1640021888.045846, 1640022000.3875306, 1640022077.2018158, 1640022154.1005118, 1640022231.4694886, 1640022309.331322, 1640022422.574956, 1640022535.465781, 1640022639.7098658, 1640022725.8147488, 1640022840.8958771, 1640022959.7453103, 1640023073.8182476, 1640023196.1015694], "episode_types": ["t", "t", "t", "t", "t", "t", "t", "t", "t", "t", "t", "t", "t", "t", "t", "t", "t", "t", "t", "t", "t", "t", "t", "t", "t"], "initial_reset_timestamp": 1640020876.958103, "episode_lengths": [3056, 4915, 11389, 6619, 10136, 9801, 10565, 6833, 6621, 7921, 6908, 9695, 6619, 6619, 6619, 6619, 9701, 9638, 8961, 7343, 9999, 10137, 9767, 9889], "episode_rewards": [-21.0, -20.0, 13.0, 21.0, 18.0, 20.0, 20.0, 20.0, 21.0, 20.0, 20.0, 21.0, 21.0, 21.0, 21.0, 21.0, 21.0, 21.0, 21.0, 17.0, 20.0, 18.0, 19.0, 20.0]}