{"timestamps": [1640020906.9853823, 1640021008.362983, 1640021108.4534867, 1640021244.7961802, 1640021363.4632335, 1640021488.2250187, 1640021639.9624841, 1640021754.0909913, 1640021832.5716028, 1640021953.097202, 1640022065.765058, 1640022183.7454653, 1640022271.0751066, 1640022348.756967, 1640022438.6999166, 1640022555.1258807, 1640022680.5552843, 1640022763.9859667, 1640022876.3372412, 1640022988.978591, 1640023102.015544, 1640023242.9464755], "episode_types": ["t", "t", "t", "t", "t", "t", "t", "t", "t", "t", "t", "t", "t", "t", "t", "t", "t", "t", "t", "t", "t", "t", "t"], "initial_reset_timestamp": 1640020876.9592404, "episode_lengths": [3056, 9839, 9638, 10559, 10210, 10371, 10019, 9701, 6619, 10408, 9701, 10057, 7485, 6621, 7738, 9962, 10798, 7111, 9695, 9621, 9695, 9841], "episode_rewards": [-21.0, 4.0, 21.0, 19.0, 20.0, 20.0, 17.0, 21.0, 21.0, 19.0, 21.0, 20.0, 20.0, 21.0, 19.0, 20.0, 16.0, 19.0, 21.0, 21.0, 21.0, 20.0]}