{"timestamps": [1640020907.0352178, 1640021014.0336952, 1640021119.5411649, 1640021245.2275708, 1640021366.135968, 1640021484.7549996, 1640021596.8533204, 1640021710.9649966, 1640021827.9598532, 1640021943.4963896, 1640022056.0718164, 1640022138.6280258, 1640022215.5240574, 1640022292.4304285, 1640022371.6295679, 1640022483.4669518, 1640022560.315872, 1640022684.8228228, 1640022800.7618396, 1640022877.2858963, 1640022958.6071625, 1640023071.9942791, 1640023193.5223353], "episode_types": ["t", "t", "t", "t", "t", "t", "t", "t", "t", "t", "t", "t", "t", "t", "t", "t", "t", "t", "t", "t", "t", "t", "t", "t"], "initial_reset_timestamp": 1640020876.9814847, "episode_lengths": [3056, 10398, 10021, 9663, 10361, 9925, 6621, 9686, 9867, 9979, 9686, 7103, 6621, 6619, 6619, 9632, 6621, 10662, 9943, 6619, 7001, 9703, 9891], "episode_rewards": [-21.0, 3.0, 20.0, 20.0, 17.0, 19.0, 21.0, 20.0, 21.0, 18.0, 20.0, 21.0, 21.0, 21.0, 21.0, 21.0, 21.0, 15.0, 20.0, 21.0, 20.0, 19.0, 20.0]}