{"timestamps": [1640020907.3961148, 1640021020.3944886, 1640021091.3248572, 1640021179.1827044, 1640021296.0750754, 1640021372.5121443, 1640021497.0189197, 1640021611.5870469, 1640021727.134828, 1640021805.5785027, 1640021882.4583278, 1640022000.2615962, 1640022077.0560977, 1640022153.5786831, 1640022240.9206786, 1640022318.8906114, 1640022436.9092886, 1640022556.1397657, 1640022635.4947398, 1640022756.5974722, 1640022832.0830462, 1640022910.034367, 1640023022.8931973, 1640023136.4990656], "episode_types": ["t", "t", "t", "t", "t", "t", "t", "t", "t", "t", "t", "t", "t", "t", "t", "t", "t", "t", "t", "t", "t", "t", "t", "t", "t"], "initial_reset_timestamp": 1640020876.9462829, "episode_lengths": [3056, 11029, 6864, 6851, 9663, 6621, 10008, 7150, 9873, 6621, 6619, 10143, 6619, 6619, 7435, 6619, 10102, 10206, 6861, 10332, 6621, 6619, 9682, 9701], "episode_rewards": [-21.0, 2.0, 21.0, 20.0, 19.0, 21.0, 19.0, 20.0, 21.0, 21.0, 21.0, 17.0, 21.0, 21.0, 19.0, 21.0, 19.0, 20.0, 21.0, 14.0, 21.0, 21.0, 20.0, 21.0]}