{"timestamps": [1640020907.3945463, 1640021038.9696007, 1640021112.0153465, 1640021211.5091715, 1640021328.9727173, 1640021443.485159, 1640021592.9696481, 1640021675.021472, 1640021753.2547174, 1640021832.1987672, 1640021943.892203, 1640022034.5462115, 1640022152.1408317, 1640022232.2059636, 1640022313.124464, 1640022391.141618, 1640022502.6918573, 1640022579.8975556, 1640022702.4108634, 1640022779.7404146, 1640022896.2381914, 1640023007.9811492, 1640023123.7367709, 1640023267.205128], "episode_types": ["t", "t", "t", "t", "t", "t", "t", "t", "t", "t", "t", "t", "t", "t", "t", "t", "t", "t", "t", "t", "t", "t", "t", "t", "t"], "initial_reset_timestamp": 1640020876.9463046, "episode_lengths": [3056, 12865, 6908, 7381, 10143, 9675, 9701, 6905, 6685, 6621, 9695, 7744, 10173, 6854, 6903, 6619, 9606, 6621, 10520, 6619, 9999, 9595, 9877, 9669], "episode_rewards": [-21.0, 3.0, 20.0, 19.0, 20.0, 20.0, 21.0, 20.0, 20.0, 21.0, 21.0, 18.0, 19.0, 20.0, 20.0, 21.0, 18.0, 21.0, 16.0, 21.0, 19.0, 19.0, 21.0, 20.0]}