{"timestamps": [1640020907.3628087, 1640020950.8196907, 1640021029.333909, 1640021100.6568162, 1640021227.9881353, 1640021306.3181608, 1640021421.5468872, 1640021575.7928421, 1640021655.785616, 1640021733.486982, 1640021812.0597835, 1640021924.7389424, 1640022011.9098232, 1640022124.5579052, 1640022255.0874522, 1640022332.9866748, 1640022447.4618895, 1640022560.4813256, 1640022690.3066304, 1640022767.82727, 1640022883.2453232, 1640022999.8784447, 1640023113.0639055, 1640023270.803604], "episode_types": ["t", "t", "t", "t", "t", "t", "t", "t", "t", "t", "t", "t", "t", "t", "t", "t", "t", "t", "t", "t", "t", "t", "t", "t", "t"], "initial_reset_timestamp": 1640020876.946263, "episode_lengths": [3056, 4234, 7687, 6859, 9860, 6619, 9921, 10133, 6621, 6621, 6621, 9701, 7512, 9701, 11140, 6621, 9844, 9669, 11140, 6619, 9951, 9944, 9701, 10857], "episode_rewards": [-21.0, -20.0, 18.0, 21.0, 17.0, 21.0, 20.0, 17.0, 21.0, 21.0, 21.0, 21.0, 18.0, 21.0, 16.0, 21.0, 19.0, 20.0, 13.0, 21.0, 20.0, 19.0, 21.0, 17.0]}