{"timestamps": [1640020907.0538669, 1640021041.5818253, 1640021112.0664349, 1640021201.3191512, 1640021314.780008, 1640021437.2306552, 1640021592.0667734, 1640021709.1520164, 1640021821.4895813, 1640021934.3930042, 1640022016.0391743, 1640022129.9029675, 1640022242.358388, 1640022319.9853177, 1640022438.099087, 1640022558.1396377, 1640022672.6863995, 1640022789.9962416, 1640022904.418029, 1640023023.2574763, 1640023136.6673753], "episode_types": ["t", "t", "t", "t", "t", "t", "t", "t", "t", "t", "t", "t", "t", "t", "t", "t", "t", "t", "t", "t", "t", "t"], "initial_reset_timestamp": 1640020877.0062003, "episode_lengths": [3056, 13136, 6619, 6621, 9631, 10414, 10138, 9883, 9496, 9741, 6972, 9826, 9636, 6621, 10116, 10274, 9797, 10067, 9875, 10171, 9701], "episode_rewards": [-21.0, 6.0, 21.0, 21.0, 20.0, 20.0, 19.0, 18.0, 21.0, 20.0, 19.0, 20.0, 18.0, 21.0, 18.0, 20.0, 17.0, 19.0, 19.0, 19.0, 21.0]}