{"timestamps": [1640020906.9017649, 1640021015.3567824, 1640021082.7633998, 1640021162.8456078, 1640021285.4562047, 1640021362.2114096, 1640021482.880218, 1640021630.9597354, 1640021747.4171479, 1640021829.4661894, 1640021941.5820358, 1640022064.053817, 1640022178.0823145, 1640022257.341212, 1640022335.5043545, 1640022414.242746, 1640022528.8426235, 1640022638.7256377, 1640022728.6403537, 1640022839.3883731, 1640022953.0605567, 1640023066.064132, 1640023180.5919423], "episode_types": ["t", "t", "t", "t", "t", "t", "t", "t", "t", "t", "t", "t", "t", "t", "t", "t", "t", "t", "t", "t", "t", "t", "t", "t"], "initial_reset_timestamp": 1640020876.9692197, "episode_lengths": [3056, 10526, 6619, 6619, 9748, 6621, 10100, 9639, 9893, 6903, 9711, 10558, 9699, 6833, 6621, 6854, 9734, 9462, 7660, 9651, 9705, 9652, 9462], "episode_rewards": [-21.0, 5.0, 21.0, 21.0, 19.0, 21.0, 19.0, 21.0, 20.0, 20.0, 20.0, 18.0, 21.0, 20.0, 21.0, 20.0, 18.0, 21.0, 18.0, 20.0, 21.0, 19.0, 21.0]}