{"timestamps": [1640020907.0352485, 1640020952.2610776, 1640021036.49223, 1640021106.0553114, 1640021232.8124251, 1640021346.732831, 1640021462.9096835, 1640021630.4454663, 1640021745.3614836, 1640021823.7151508, 1640021936.0567641, 1640022012.938153, 1640022124.6559575, 1640022237.9353008, 1640022315.8188853, 1640022435.5638926, 1640022548.40644, 1640022680.4364805, 1640022758.293016, 1640022870.40503, 1640022949.7866862, 1640023066.3334756, 1640023180.331151], "episode_types": ["t", "t", "t", "t", "t", "t", "t", "t", "t", "t", "t", "t", "t", "t", "t", "t", "t", "t", "t", "t", "t", "t", "t", "t"], "initial_reset_timestamp": 1640020876.981689, "episode_lengths": [3056, 4386, 8264, 6619, 9764, 9745, 9763, 11292, 9749, 6619, 9695, 6619, 9633, 9695, 6621, 10252, 9638, 11342, 6619, 9695, 6829, 9984, 9397], "episode_rewards": [-21.0, -19.0, 19.0, 21.0, 20.0, 20.0, 21.0, 17.0, 19.0, 21.0, 21.0, 21.0, 20.0, 21.0, 21.0, 18.0, 21.0, 17.0, 21.0, 21.0, 20.0, 17.0, 21.0]}