{"timestamps": [1640020906.901714, 1640021012.594711, 1640021084.9646513, 1640021177.1343546, 1640021305.6516721, 1640021421.0415437, 1640021573.5597267, 1640021694.5305824, 1640021822.8375123, 1640021938.9716036, 1640022061.813262, 1640022177.060268, 1640022253.8225946, 1640022331.8401968, 1640022408.5066104, 1640022521.6687577, 1640022634.503556, 1640022757.4332783, 1640022839.0579271, 1640022917.4963057, 1640023043.0962543, 1640023166.4863977], "episode_types": ["t", "t", "t", "t", "t", "t", "t", "t", "t", "t", "t", "t", "t", "t", "t", "t", "t", "t", "t", "t", "t", "t", "t"], "initial_reset_timestamp": 1640020876.9691882, "episode_lengths": [3056, 10256, 7079, 7314, 10575, 9964, 10025, 10028, 10872, 10020, 10556, 9811, 6621, 6621, 6621, 9673, 9738, 10478, 7150, 6619, 10812, 10362], "episode_rewards": [-21.0, 3.0, 20.0, 20.0, 20.0, 20.0, 18.0, 20.0, 19.0, 18.0, 19.0, 18.0, 21.0, 21.0, 21.0, 20.0, 20.0, 14.0, 20.0, 21.0, 19.0, 18.0]}