{"timestamps": [1640020906.96302, 1640021044.8031654, 1640021115.8230734, 1640021204.956199, 1640021327.3604405, 1640021441.856841, 1640021591.9334574, 1640021711.0051436, 1640021789.5327158, 1640021869.9507937, 1640021990.9863286, 1640022067.9957576, 1640022155.105933, 1640022232.5529747, 1640022310.3788202, 1640022422.7687418, 1640022541.0027862, 1640022620.4914339, 1640022738.14624, 1640022816.5956683, 1640022903.236812, 1640023016.5637205, 1640023130.2543335], "episode_types": ["t", "t", "t", "t", "t", "t", "t", "t", "t", "t", "t", "t", "t", "t", "t", "t", "t", "t", "t", "t", "t", "t", "t", "t"], "initial_reset_timestamp": 1640020876.9580402, "episode_lengths": [3056, 13443, 6619, 6621, 10447, 9695, 9749, 10060, 6621, 6908, 10440, 6619, 7512, 6619, 6619, 9633, 10065, 6833, 10083, 6861, 7408, 9701, 9757], "episode_rewards": [-21.0, 3.0, 21.0, 21.0, 18.0, 21.0, 19.0, 19.0, 21.0, 20.0, 19.0, 21.0, 20.0, 21.0, 21.0, 20.0, 21.0, 20.0, 17.0, 21.0, 19.0, 21.0, 20.0]}