{"timestamps": [1640020906.9170206, 1640020962.908461, 1640021039.1592443, 1640021109.029541, 1640021239.3806062, 1640021319.5735714, 1640021433.3178637, 1640021584.1877072, 1640021661.6204884, 1640021746.465198, 1640021830.7606084, 1640021941.0321522, 1640022057.0020297, 1640022136.5827236, 1640022233.2081864, 1640022310.5706084, 1640022388.9114099, 1640022514.556486, 1640022594.3594146, 1640022723.9811816, 1640022800.8677344, 1640022877.4052875, 1640022974.0268745, 1640023087.077011, 1640023221.951711], "episode_types": ["t", "t", "t", "t", "t", "t", "t", "t", "t", "t", "t", "t", "t", "t", "t", "t", "t", "t", "t", "t", "t", "t", "t", "t", "t", "t"], "initial_reset_timestamp": 1640020876.9790447, "episode_lengths": [3056, 5375, 7539, 6619, 10081, 6859, 9663, 9701, 6621, 7241, 7086, 9564, 9946, 6851, 8297, 6619, 6619, 10811, 6861, 11072, 6619, 6619, 8289, 9695, 9877], "episode_rewards": [-21.0, -17.0, 18.0, 21.0, 19.0, 21.0, 20.0, 21.0, 21.0, 20.0, 19.0, 20.0, 19.0, 20.0, 19.0, 21.0, 21.0, 18.0, 21.0, 15.0, 21.0, 21.0, 18.0, 21.0, 20.0]}