{"timestamps": [1640020912.7147243, 1640020955.5756857, 1640021042.8865077, 1640021113.15346, 1640021242.1417923, 1640021319.573338, 1640021434.1220446, 1640021594.8805523, 1640021709.677971, 1640021824.3536496, 1640021952.2544963, 1640022064.9559207, 1640022141.7459724, 1640022255.258306, 1640022336.191833, 1640022450.2881858, 1640022563.2431107, 1640022686.155571, 1640022800.1932886, 1640022879.9645016, 1640022956.6708097, 1640023081.4285457, 1640023211.4132357], "episode_types": ["t", "t", "t", "t", "t", "t", "t", "t", "t", "t", "t", "t", "t", "t", "t", "t", "t", "t", "t", "t", "t", "t", "t", "t"], "initial_reset_timestamp": 1640020876.9784188, "episode_lengths": [3615, 4140, 8584, 6619, 9927, 6619, 9701, 10617, 9703, 9703, 11025, 9701, 6619, 9695, 6853, 9824, 9701, 10508, 9787, 6859, 6621, 10672, 9745], "episode_rewards": [-20.0, -19.0, 16.0, 21.0, 19.0, 21.0, 21.0, 18.0, 19.0, 19.0, 16.0, 21.0, 21.0, 21.0, 20.0, 20.0, 21.0, 13.0, 18.0, 21.0, 21.0, 18.0, 20.0]}