{"timestamps": [1640020910.1005578, 1640021008.96998, 1640021119.0140526, 1640021245.8022788, 1640021366.0962152, 1640021481.6314971, 1640021632.3556473, 1640021752.1175165, 1640021830.6734722, 1640021949.0877862, 1640022062.147485, 1640022181.6326244, 1640022260.9958646, 1640022342.292465, 1640022418.6306908, 1640022537.4834623, 1640022647.5453894, 1640022732.5085683, 1640022845.9814665, 1640022959.8424506, 1640023078.381949, 1640023195.8030667], "episode_types": ["t", "t", "t", "t", "t", "t", "t", "t", "t", "t", "t", "t", "t", "t", "t", "t", "t", "t", "t", "t", "t", "t", "t"], "initial_reset_timestamp": 1640020876.9600844, "episode_lengths": [3367, 9581, 10502, 9723, 10325, 9695, 9843, 10174, 6619, 10240, 9746, 10147, 6861, 6905, 6621, 10129, 9462, 7251, 9866, 9701, 10148, 9462], "episode_rewards": [-20.0, 10.0, 18.0, 19.0, 20.0, 21.0, 20.0, 19.0, 21.0, 19.0, 18.0, 19.0, 21.0, 20.0, 21.0, 20.0, 21.0, 17.0, 20.0, 21.0, 18.0, 21.0]}