{"episode_lengths": [200, 200, 200, 200, 200, 200, 200, 200, 200, 200, 200, 200, 200, 200, 200, 200, 200, 200, 200, 200, 200, 200, 200, 200, 200, 200, 200, 200, 200, 200, 200, 200, 200, 200, 200, 200, 200, 200, 200, 200, 200, 200, 200, 200, 200, 200, 200, 200, 200, 200, 200, 200, 200, 200, 200, 200, 200, 200, 200, 200, 200, 200, 200, 200, 200, 200, 200, 200, 200, 200, 200, 200, 200, 200, 200, 200, 200, 200, 200, 200, 200, 200, 200, 200, 200, 200, 200, 200, 200, 200, 200, 200, 200, 200, 200, 200, 200, 200, 200, 200, 200, 200, 200, 200, 200, 200, 200, 200, 200, 200, 200, 200, 200, 200, 200, 200, 200, 200, 200, 200, 200, 200, 200, 200, 200, 200, 200, 200, 200, 200, 200, 200, 200, 200, 200, 200, 200, 200, 200, 200, 200, 200, 200, 200, 200, 200, 200, 200, 200, 200, 200, 200, 200, 200, 200, 200, 200, 200, 200, 200, 200, 200, 200, 200, 200, 200, 200, 200, 200, 200, 200, 200, 200, 200, 200, 200, 200, 200, 200, 200, 200, 200, 200, 200, 200, 200, 200, 200, 200, 200, 200, 200, 200, 200, 200, 200, 200, 200, 200, 200, 200, 200, 200, 200, 200, 200, 200, 200, 200, 200, 200, 200, 200, 200, 200, 200, 200, 200, 200, 200, 200, 200, 200, 200, 200, 200, 200, 200, 200, 200, 200, 200, 200, 200, 200, 200, 200, 200, 200, 200, 200, 200, 200, 200, 200, 200, 200, 200, 200, 200, 200, 200, 200, 200, 200, 200, 200, 200, 200, 200, 200, 200, 200, 200, 200, 200, 200, 200, 200, 200, 200, 200, 200, 200, 200, 200, 200, 200, 200, 200, 200, 200, 200, 200, 200, 200, 200, 200, 200, 200, 200, 200, 200, 200, 200, 200, 200, 200, 200, 200, 200, 200, 200, 200, 200, 200, 200, 200, 200, 200, 200, 200], "episode_rewards": [-1033.26361064708, -1123.4419004756244, -1128.961474616492, -1226.58677517959, -1354.6904393581947, -1001.7962036943512, -1213.0019381935786, -1377.8374359129884, -999.3500986854681, -867.8567510375154, -1188.1537609995721, -1448.2846647708752, -1086.3812806812857, -985.5546433247738, -1198.2394355238123, -1089.4068084970675, -874.6235108404277, -1310.8497490641823, -1462.07253178868, -1027.3924158411724, -1215.4027217228047, -970.6611768564809, -892.2192070322931, -768.5632831193153, -1428.8611087083898, -976.8435644451374, -744.2059094145833, -861.240483927051, -911.2998571420959, -1004.9921056162403, -1271.1026391957078, -755.9996926792975, -1224.7912036847185, -883.098197798326, -978.7762503820508, -885.9954637351439, -872.615388959798, -764.9459503172644, -941.8026721342211, -975.989632475904, -626.1173110208637, -736.4775581160499, -763.7237429727455, -852.3485101041161, -631.2842853244691, -635.4882198373625, -501.1523770478709, -892.5864942034256, -492.52831593837516, -1082.5494989707388, -756.5637494721868, -623.8235474485195, -723.3727549645032, -926.8064518080472, -593.2873864463274, -624.9941561581558, -562.2657746976744, -745.0332974303043, -621.502084534012, -499.09150480799593, -637.894556628564, -502.12545762419904, -625.3873360872278, -500.19008707700647, -378.0300789402291, -374.0823852746353, -625.398460306149, -628.7704966735836, -657.098230542035, -493.88930697058896, -591.2322605817859, -251.78144222326503, -126.13254697469087, -366.44285417266497, -367.79765960956934, -125.37882487993335, -245.72269323371708, -254.69638816372782, -467.7547335465529, -126.58984171927789, -127.10629324915962, -497.6354992912616, -124.00088690519222, -374.8796331804556, -2.728022514248279, -253.57668182594298, -2.536753123175112, -242.2943892495379, -124.21794458699789, -125.68785589822934, -263.9729826898333, -122.12159186461346, -503.91408042241073, -385.8973182862394, -118.41135278421487, -119.69071645495467, -330.4782315451132, -126.6758469946928, -243.52088863380897, -232.00895792651346, -125.1268099273555, -251.84181109786346, -234.47812482099994, -356.99432452035137, -254.23393509240452, -348.600812582909, -118.46775234927644, -427.67776676188936, -2.2733229477045636, -124.57408769158643, -244.94104775777754, -236.2215957986097, -247.83753740560792, -125.28140243869383, -291.3478309719129, -126.14182265106727, -250.5272579191732, -636.5683948524169, -244.00209832280947, -125.12053087663553, -119.1587363444526, -364.31611523935493, -230.84857379066258, -1.751181862423623, -118.17814018087053, -235.20656247611606, -376.978500457895, -119.4809578608877, -383.8973700296395, -120.17692608744512, -118.92091422977377, -251.6202749955116, -1.2696575114971238, -3.7511449654693303, -4.014620058296862, -348.44420975346617, -248.02043417436514, -3.99740450769931, -124.01502582392503, -248.39829548502541, -317.8431524523467, -353.9835834410972, -128.12522459005726, -250.6668046075785, -287.9273456429764, -127.57557549245487, -1.3761074630067074, -236.07659855366518, -242.282737902715, -318.4677903273899, -349.45017284156154, -124.66900952469335, -125.62713376945563, -116.98478584130396, -245.31163584210603, -245.9219986430148, -122.4731770926024, -240.30620039177697, -1.0236201236501306, -124.1738509994373, -120.95833391723922, -123.67981402643824, -123.7178186223622, -123.55003558390435, -252.82923745484192, -234.34992357711187, -125.29237128570172, -243.0041835706662, -123.94709284988217, -0.533179094870941, -382.795376456252, -118.67827609356172, -114.9396725304565, -124.95611422836845, -122.41856917497365, -122.1936165777004, -122.28509184352329, -317.10076268574653, -125.64136207580437, -243.046201946197, -125.86647770847458, -350.4792293752824, -122.50602038739729, -248.88831536403865, -116.20681778388983, -126.41365779965683, -270.7513409775714, -369.59629390285244, -235.79290257590566, -123.44952171833131, -123.02396663785086, -4.22672322805999, -114.92131505800732, -128.01706282777133, -123.2911942249375, -236.46752025108594, -128.6074978822652, -239.7568259862991, -259.69903962928123, -124.72989914863969, -124.52835236744998, -126.71955378778577, -249.48153441043888, -321.8728666392101, -114.79562420959351, -2.6196192132298783, -1.2615144532441762, -1.5604783043388852, -369.13444622676445, -123.02861677697618, -119.53615638768773, -121.93329749522981, -123.36790715968255, -312.36306163044594, -125.01735888028495, -118.26658504984982, -1.0745824058440174, -123.42678277410012, -0.580597953710808, -120.69511122419033, -296.81366693790244, -250.77671745732272, -124.85958616375845, -232.48880129370394, -123.4733316792087, -124.66359846043409, -244.5699689358875, -116.0436350829431, -242.8192545615986, -120.42445331320044, -245.07237781942632, -118.59521047199654, -119.96346475814647, -234.48365974205296, -0.8009158769146459, -273.1998804965835, -123.90747293547201, -231.48988424477173, -0.5395804957876089, -248.22244407652008, -347.48641967447304, -120.33814189661268, -117.38866955384036, -128.3168658387031, -0.8191776688933377, -233.320246478626, -116.44512536554714, -121.32649328551325, -247.35820782254964, -2.2037376024597157, -324.4858099351331, -127.8008609710622, -246.5562014934729, -125.10297990539766, -2.8221880311682956, -346.3277939314234, -226.33921238858025, -126.98628596168409, -120.56131394660552, -124.90709026248018, -123.32379145185455, -118.91176587037987, -1.173413982803627, -124.30682520034114, -234.1273477317283, -118.38890856886033, -2.1035876556748807, -123.86537629714357, -0.8658144070323336, -120.37250725592645, -128.72588034580605, -121.6218496839231, -245.66268181521627, -121.91139053936546, -119.32376054655346, -236.1929627319881, -125.12716520323835, -120.52694350940857, -117.30268576964107, -123.3864868266003, -124.2010898431482, -228.66830061520758, -255.07792831910106, -120.57745796356434, -124.12214155501053, -1.1298407136679065, -127.3403068686264, -123.69204984109494, -123.73489382742734, -114.47723982722569, -240.59118410674316, -126.65303422188708, -124.73048176566252, -344.16368357632905, -0.4536948389835044, -124.97956800460176, -115.64246854751603, -388.85049269560983, -114.59419983674836, -123.16233738265359, -245.70899605508464, -259.4361717557868, -236.17379924864667, -0.5204051209934971, -123.34898894645144, -125.99699258013077, -120.45563617007318, -119.93203299357327, -126.73547392600445, -119.17289404289345, -120.72541046830865, 