{"episode_lengths": [200, 200, 200, 200, 200, 200, 200, 200, 200, 200, 200, 200, 200, 200, 200, 200, 200, 200, 200, 200, 200, 200, 200, 200, 200, 200, 200, 200, 200, 200, 200, 200, 200, 200, 200, 200, 200, 200, 200, 200, 200, 200, 200, 200, 200, 200, 200, 200, 200, 200, 200, 200, 200, 200, 200, 200, 200, 200, 200, 200, 200, 200, 200, 200, 200, 200, 200, 200, 200, 200, 200, 200, 200, 200, 200, 200, 200, 200, 200, 200, 200, 200, 200, 200, 200, 200, 200, 200, 200, 200, 200, 200, 200, 200, 200, 200, 200, 200, 200, 200, 200, 200, 200, 200, 200, 200, 200, 200, 200, 200, 200, 200, 200, 200, 200, 200, 200, 200, 200, 200, 200, 200, 200, 200, 200, 200, 200, 200, 200, 200, 200, 200, 200, 200, 200, 200, 200, 200, 200, 200, 200, 200, 200, 200, 200, 200, 200, 200, 200, 200, 200, 200, 200, 200, 200, 200, 200, 200, 200, 200, 200, 200, 200, 200, 200, 200, 200, 200, 200, 200, 200, 200, 200, 200, 200, 200, 200, 200, 200, 200, 200, 200, 200, 200, 200, 200, 200, 200, 200, 200, 200, 200, 200, 200, 200, 200, 200, 200, 200, 200, 200, 200, 200, 200, 200, 200, 200, 200, 200, 200, 200, 200, 200, 200, 200, 200, 200, 200, 200, 200, 200, 200, 200, 200, 200, 200, 200, 200, 200, 200, 200, 200, 200, 200, 200, 200, 200, 200, 200, 200, 200, 200, 200, 200, 200, 200, 200, 200, 200, 200, 200, 200, 200, 200, 200, 200, 200, 200, 200, 200, 200, 200, 200, 200, 200, 200, 200, 200, 200, 200, 200, 200, 200, 200, 200, 200, 200, 200, 200, 200, 200, 200, 200, 200, 200, 200, 200, 200, 200, 200, 200, 200, 200, 200, 200, 200, 200, 200, 200, 200, 200, 200, 200, 200, 200, 200, 200, 200, 200, 200, 200, 200], "episode_rewards": [-1036.6850823519205, -1023.5830579363173, -1099.4248237224358, -1071.253033867214, -890.5686283853546, -1571.7602822029246, -1625.0848219244322, -991.3074456756788, -1058.8262572771278, -892.3057903541945, -992.7823999281278, -1375.2684313288198, -860.8283152480793, -890.2491213606468, -882.3787147988568, -898.0575537445397, -1029.0622174355474, -762.5741172702413, -931.6916165755016, -974.7399887012418, -1012.536554084437, -968.6297084574551, -1073.153404354894, -783.9227876829789, -830.4907864257, -1093.3637940140745, -887.1302733725994, -851.34535277239, -880.106022896086, -967.5880562510413, -878.8595994530514, -755.6060984046193, -1169.4825326181847, -666.6463989920712, -1195.2195456070228, -953.3632092354754, -1008.7389851015396, -749.0829679684763, -738.4590541976706, -877.5847361393575, -751.4800660145652, -860.9998492888934, -820.2745378064167, -502.1168235857014, -719.4393999641061, -578.1070093081341, -741.2918455906084, -625.8207472898877, -627.9836382606796, -1008.464013485807, -869.1797802583463, -658.8464390042184, -765.4870291796436, -752.740595271757, -726.0604729601912, -627.7390066957768, -728.0474301479024, -739.2362547386389, -504.88081617560243, -728.791264302093, -494.65598775443976, -508.74009735599907, -565.3651407262555, -616.7877315341685, -868.8325282133859, -493.59785558756556, -615.6792853004683, -493.1112008702448, -621.9138688204123, -380.949131377795, -482.1059871219335, -756.4003212361438, -253.6528671139968, -376.4223234830523, -381.56889815062317, -542.0993061991111, -369.2201813151921, -120.8959501252285, -377.1992787491502, -381.2473680061682, -244.78262723458155, -1.290451095098596, -129.32051592467758, -1.7874568432021594, -124.22351248100503, -476.41936944731174, -260.8993394161945, -1.9361230306175794, -354.7452716889593, -378.33344155479995, -125.63522651351074, -425.2289049981639, -0.9958262276200072, -236.62886417017992, -124.8434102040625, -121.11148156089352, -119.43523326933142, -125.19490087133973, -252.00753330823412, -119.82156764326766, -122.1445182166081, -375.799548649429, -453.56062368722036, -125.3148290025049, -241.86040909856888, -382.1084559380741, -362.3427991472911, -236.364150010218, -122.26047286276784, -262.53672905955057, -349.91616003083925, -286.1933462885776, -2.438644925664131, -301.89318790608763, -254.65811623448403, -248.6587707014038, -508.5603961867768, -123.37671518659108, -241.10901922385267, -120.26780942267456, -117.3782455391659, -125.59198296484938, -2.4734418585944464, -122.64141655368995, -121.72233282292649, -234.81385527325924, -128.68919405661575, -242.56776993917643, -235.48175006117168, -236.349292590894, -1.1695399927614616, -264.6567566023752, -123.0362497178983, -242.2860514724059, -356.69767266589525, -1.945343328387054, -124.18157579765419, -117.58251429639331, -121.66761536158398, -1.0661859572665024, -255.95985476566352, -120.25064450370688, -295.5115990885356, -254.28676808206802, -126.3979129300254, -250.8878228947031, -121.44507048512779, -123.09696477729112, -123.75146319638439, -245.6676505307553, -126.56123621074455, -119.89587894407678, -0.9134105712076483, -232.37721199647913, -234.03698357089178, -3.8286764057111737, -119.47109994450781, -123.99678656129676, -2.234579514580096, -124.90283607169415, -113.47427106552142, -272.57820816545, -229.42194486097847, -114.05849102983663, -124.70349680597795, -244.32907774102088, -325.5106015475292, -244.1962564566183, -1.0201518271677932, -1.23306865649134, -129.93410417627385, -114.70934071686679, -119.02919206359014, -123.56921782288008, -124.09116833352833, -124.70891899352377, -126.86101091616443, -118.4148881945776, -122.21790041193617, -128.36603135650296, -240.37857330422486, -254.67416789848886, -120.24746669142267, -122.6887879864599, -124.29770974517163, -122.78422472579358, -241.43815705836448, -120.17331238598165, -123.2564950528108, -127.42322889001096, -114.37879950979993, -239.88840142232266, -242.7417895236091, -0.6369989896833254, -234.4811605848549, -124.97584205173628, -127.80059489953841, -0.9184846556651457, -122.10155905129659, -123.1001773604789, -121.90290128902267, -121.77444217895484, -116.53212830847703, -118.78391089214996, -299.8415566720234, -266.0771723903837, -115.97336856290627, -239.47188177508096, -232.04924665387597, -125.61658469782223, -129.4711570839586, -244.31677603325883, -119.49979523509855, -123.66394663490526, -122.62830321284781, -115.87937912366297, -125.39410617355979, -229.97355895199698, -251.02684778326625, -119.52615472777558, -119.71638945926087, -124.81884643582616, -125.77262697892738, -1.1505163438995247, -235.52853657510548, -117.23004617074193, -127.82862450170275, -126.97275952653588, -122.86526673845592, -249.67329007118062, -245.76659461388886, -0.93272529808622, -118.8600999754028, -114.65451753911701, -115.94222049517509, -114.8654344535565, -127.7060971488981, -225.76486213073736, -251.14701275163864, -125.52269204487641, -120.00469699046968, -0.49070848097935704, -240.09758072021557, -0.7781357888503764, -117.22766862142775, -123.96735097812649, -1.6055740242184222, -124.13874513275027, -121.33964308143503, -119.7569816201005, -123.79884451146485, -125.92793738360244, -243.2888929735578, -121.8132847523382, -252.7965602547653, -120.15134427436638, -115.0794031529832, -120.66484961630027, -243.74786105378178, -245.53794518040948, -0.9187408052702749, -118.77967837759398, -126.60069656998894, -120.1138778492451, -118.5090934847996, -244.62847186253074, -125.59328928267338, -117.27976072546453, -114.57430280467928, -2.48918699268585, -396.67598208460606, -123.58904493921504, -2.5747458396277985, -119.06951794797446, -0.5678064974742967, -309.213293194643, -1.2451595712852002, -122.11800400267077, -128.59822802096485, -123.83515783017587, -236.76591209409895, -3.914871181069253, -120.59432492963758, -235.7067873513995, -282.94755684421773, -0.5719566002549094, -128.8955262302337, -232.38504946564413, -120.93726573233454, -2.086837914217774, -118.49999492816009, -115.06103215018405, -117.8344305411169, -234.29643462412852, -234.7827538314243, -339.5898015127603, -236.8432593883639, -116.4549735402388, -346.87939609937905, -127.95589293687472, -121.13914273464226, -229.7486702172915, -235.26096368910703, -118.96057142606222, -116.82382307599518, -121.76690923436834, -236.552931382104, -122.61709958869997, -3.4534213272550063, -117.21658446534526, -0.4132174900956546, 