{"episode_lengths": [200, 200, 200, 200, 200, 200, 200, 200, 200, 200, 200, 200, 200, 200, 200, 200, 200, 200, 200, 200, 200, 200, 200, 200, 200, 200, 200, 200, 200, 200, 200, 200, 200, 200, 200, 200, 200, 200, 200, 200, 200, 200, 200, 200, 200, 200, 200, 200, 200, 200, 200, 200, 200, 200, 200, 200, 200, 200, 200, 200, 200, 200, 200, 200, 200, 200, 200, 200, 200, 200, 200, 200, 200, 200, 200, 200, 200, 200, 200, 200, 200, 200, 200, 200, 200, 200, 200, 200, 200, 200, 200, 200, 200, 200, 200, 200, 200, 200, 200, 200, 200, 200, 200, 200, 200, 200, 200, 200, 200, 200, 200, 200, 200, 200, 200, 200, 200, 200, 200, 200, 200, 200, 200, 200, 200, 200, 200, 200, 200, 200, 200, 200, 200, 200, 200, 200, 200, 200, 200, 200, 200, 200, 200, 200, 200, 200, 200, 200, 200, 200, 200, 200, 200, 200, 200, 200, 200, 200, 200, 200, 200, 200, 200, 200, 200, 200, 200, 200, 200, 200, 200, 200, 200, 200, 200, 200, 200, 200, 200, 200, 200, 200, 200, 200, 200, 200, 200, 200, 200, 200, 200, 200, 200, 200, 200, 200, 200, 200, 200, 200, 200, 200, 200, 200, 200, 200, 200, 200, 200, 200, 200, 200, 200, 200, 200, 200, 200, 200, 200, 200, 200, 200, 200, 200, 200, 200, 200, 200, 200, 200, 200, 200, 200, 200, 200, 200, 200, 200, 200, 200, 200, 200, 200, 200, 200, 200, 200, 200, 200, 200, 200, 200, 200, 200, 200, 200, 200, 200, 200, 200, 200, 200, 200, 200, 200, 200, 200, 200, 200, 200, 200, 200, 200, 200, 200, 200, 200, 200, 200, 200, 200, 200, 200, 200, 200, 200, 200, 200, 200, 200, 200, 200, 200, 200, 200, 200, 200, 200, 200, 200, 200, 200, 200, 200, 200, 200, 200, 200, 200, 200, 200, 200], "episode_rewards": [-1505.8266522032272, -1088.973268186815, -1045.3604423187903, -1493.3207657116925, -1026.7847426014623, -1044.4997175027593, -1380.8352683267333, -1247.935146825375, -1054.0317445957105, -1350.95424713754, -904.629782562298, -1188.8024586344927, -990.4941672225775, -866.6841297824348, -1181.1517938611762, -989.5007727124693, -1035.3534879051203, -1469.1014525091382, -1412.691142226101, -1242.613835077678, -1028.1382981817403, -1088.4919707693366, -956.9213055669533, -765.8282144245914, -1087.2029498796094, -857.5656685531212, -1349.356117895096, -875.0066753741676, -874.1200510157443, -878.0431933917178, -867.3900856304399, -849.9536038283819, -757.4605126973516, -743.0331989199635, -753.5973945592627, -989.6289783488784, -874.6169284590171, -838.8125965953378, -1031.775302514838, -746.078982677471, -632.341381564788, -1130.3940183273367, -733.45552143923, -757.0242501447607, -759.4344251596281, -742.4581027158944, -927.9202044211156, -496.05552516697526, -739.7367143332849, -974.4500878895133, -501.81047944403446, -626.0785014452703, -762.6926617341647, -505.1983659414641, -712.4878845677525, -743.305251803634, -820.3262281676875, -877.7815834844952, -618.2780710644552, -502.3791054885459, -280.02211445823326, -895.0672186581475, -614.976056146223, -489.72549397263043, -512.7528016121589, -624.6725336935477, -620.5516988733667, -499.6983391938163, -481.9201778286098, -380.43352435224847, -371.03717920726405, -501.9104864180808, -491.132602478467, -502.6055766185728, -419.5990858600813, -469.87961961029083, -122.97702570094985, -242.71905193889017, -363.2070322192032, -253.48440890805563, -371.2985681442037, -244.7903265389286, -126.76753500674674, -123.73654891430466, -123.4028107684398, -129.2964583635266, -2.9988977425744454, -361.0941929845315, -125.2558302543924, -130.23149437528141, -1.8630126635881203, -376.69988275609296, -250.8415667837284, -117.99175853757524, -253.5357136143057, -289.69304953885336, -235.4870195948802, -370.69391538218974, -121.72495264271409, -116.74093311323426, -121.59723136009316, -252.79960816919981, -1.087465408814839, -120.3464894193675, -3.0150517688054568, -119.92474495028434, -286.8851532274001, -126.73245913774382, -242.92670898877043, -363.8231272462353, -125.79235101009111, -120.64730169386249, -234.6090069263093, -124.32763519575965, -244.70910098501423, -1.1977535450377856, -120.24139561591696, -357.6858328184489, -2.0215402023540077, -1.3691179970186522, -351.5799256374104, -126.82004216202544, -244.5315918861968, -1.018077865735156, -236.1124731000502, -1.9472162559018713, -125.23155944525823, -122.50349865311522, -242.4666807625701, -349.5978544807499, -121.12852245033085, -121.05277208021342, -122.2193159364637, -233.19607173594807, -359.0739114415793, -348.486679747925, -1.6124566145250037, -121.21232908279222, -235.53643574225993, -117.8311092033822, -253.60575526966824, -239.62856793996292, -124.08242869013452, -117.67477134008597, -0.9958627649730182, -120.80837046950303, -245.27483577798662, -4.8778047605146195, -1.0010084468036262, -116.18259362721199, -124.52125306325435, -121.81549760105472, -126.4049708841733, -121.92504453993585, -237.28262969907806, -235.17980999963441, -125.97229050353192, -118.96505185563008, -124.37554165402916, -356.8941508099828, -1.8810856412146721, -0.9384516336655682, -127.3982289538056, -117.13455358133439, -246.46171868951157, -115.73676137398623, -117.93522996841844, -240.96702911499042, -230.43544914779952, -127.41224788645512, -117.86752603754032, -122.07398924828173, -124.57167084070497, -0.8487474022557958, -238.90946905708054, -121.45091661402549, -118.14002144693787, -240.77370149330073, -262.48727132247103, -126.54396983924428, -118.13719698129377, -117.10228512767416, -117.01369668643109, -362.0257031423108, -123.0884826741406, -1.2184277738182183, -124.2759334494337, -127.46600010407678, -114.31309929725758, -0.9667989224117525, -333.4833473178969, -234.24408621256094, -328.69377510065215, -251.74770337096083, -126.43406307053455, -125.86377457842744, -123.89753124546836, -0.8969600854642735, -122.71167305498938, -230.95895402786815, -232.01176459267478, -120.41960168470763, -5.06489759903202, -125.04543885982916, -332.7625143623524, -126.82297367218315, -122.34775493406526, -263.57080651093855, -256.935048558645, -120.76083839325437, -125.24323827783903, -241.05146757956877, -118.42107107504229, -115.40732775101466, -1.1628949881880486, -337.3769443641134, -124.36544306090849, -2.1050763298284076, -122.7147465583185, -0.746446513458574, -128.03252109385554, -124.02849448095871, -120.79137832754346, -0.940602732862577, -262.6849275712389, -120.62446838864288, -120.5166710855611, -116.29810330944146, -126.31449732336986, -122.29708775029832, -122.68303333113018, -119.5944270601678, -118.09129954051598, -119.21480759247038, -0.6829695434737768, -2.357865640775228, -126.3550898022672, -121.67881968780246, -123.74883796408729, -246.13552271640984, -0.677349552889463, -242.16158589929853, -125.07059860615925, -2.1437161645515683, -121.72627731150868, -225.74951277001082, -129.6399707699311, -122.23663078386483, -333.51448212198375, -116.25219799583047, -123.14640945059207, -116.34611427150666, -122.89610342680285, -234.4890904332281, -0.6504546979762978, -124.62352120449476, -0.7846460916740127, -114.30387061062157, -1.1976141443213058, -119.4875092731316, -124.46047145273619, -118.97925358834105, -113.8603691095557, -257.69115316825327, -0.9013567537795687, -117.02438579346757, -257.20542780134537, -116.68883293397988, -124.03211395116377, -127.72930767438078, -115.62011435881362, -117.10418013333648, -127.08131508751977, -116.74735482203451, -117.35058603030603, -0.918407107491214, -244.12001394805614, -224.1699205969505, -126.94733908139726, -121.80027940299883, -241.42664303638873, -116.75105325981419, -118.38116740363749, -271.89725056681516, -128.0938864860807, -123.0785885907649, -125.86846572452188, -119.69664019097837, -113.47218511925307, -119.24327878186496, -238.72205536708236, -125.58833427720958, -121.44049160456409, -236.92110713319133, -247.87046132229207, -115.18990473943501, -227.5234084796933, -256.7322288350036, -248.75881854059247, -246.27139551868862, -242.3108769744898, -249.93121508574438, -119.96139551912867, -249.29112651097262, -0.9849776462724052, -0.41917034996534464, -241.26537413407917, -119.9174090576306, -120.34642576330378, -120.23588124413361, 