{"episode_lengths": [200, 200, 200, 200, 200, 200, 200, 200, 200, 200, 200, 200, 200, 200, 200, 200, 200, 200, 200, 200, 200, 200, 200, 200, 200, 200, 200, 200, 200, 200, 200, 200, 200, 200, 200, 200, 200, 200, 200, 200, 200, 200, 200, 200, 200, 200, 200, 200, 200, 200, 200, 200, 200, 200, 200, 200, 200, 200, 200, 200, 200, 200, 200, 200, 200, 200, 200, 200, 200, 200, 200, 200, 200, 200, 200, 200, 200, 200, 200, 200, 200, 200, 200, 200, 200, 200, 200, 200, 200, 200, 200, 200, 200, 200, 200, 200, 200, 200, 200, 200, 200, 200, 200, 200, 200, 200, 200, 200, 200, 200, 200, 200, 200, 200, 200, 200, 200, 200, 200, 200, 200, 200, 200, 200, 200, 200, 200, 200, 200, 200, 200, 200, 200, 200, 200, 200, 200, 200, 200, 200, 200, 200, 200, 200, 200, 200, 200, 200, 200, 200, 200, 200, 200, 200, 200, 200, 200, 200, 200, 200, 200, 200, 200, 200, 200, 200, 200, 200, 200, 200, 200, 200, 200, 200, 200, 200, 200, 200, 200, 200, 200, 200, 200, 200, 200, 200, 200, 200, 200, 200, 200, 200, 200, 200, 200, 200, 200, 200, 200, 200, 200, 200, 200, 200, 200, 200, 200, 200, 200, 200, 200, 200, 200, 200, 200, 200, 200, 200, 200, 200, 200, 200, 200, 200, 200, 200, 200, 200, 200, 200, 200, 200, 200, 200, 200, 200, 200, 200, 200, 200, 200, 200, 200, 200, 200, 200, 200, 200, 200, 200, 200, 200, 200, 200, 200, 200, 200, 200, 200, 200, 200, 200, 200, 200, 200, 200, 200, 200, 200, 200, 200, 200, 200, 200, 200, 200, 200, 200, 200, 200, 200, 200, 200, 200, 200, 200, 200, 200, 200, 200, 200, 200, 200, 200, 200, 200, 200, 200, 200, 200, 200, 200, 200, 200, 200, 200, 200, 200, 200, 200, 200, 200], "episode_rewards": [-1036.1885315399775, -842.9901660660615, -1108.6294800806882, -1089.6249103111945, -1377.8070970466792, -1066.3219625285171, -908.6780564221909, -1032.4593303270685, -1373.1862600250247, -999.768563430406, -1277.3677023267235, -822.3507458197089, -872.0667337700048, -1192.5759728859164, -917.947978881013, -1171.302785747621, -1071.250804442808, -1245.649238149398, -915.4281225019978, -996.2981535260856, -878.1680523766812, -995.8229760545679, -1262.4470797483812, -1033.0849509584898, -870.1855352602422, -761.095769998505, -970.1890356819968, -987.1188465130714, -854.1112325009354, -926.6105488361817, -1008.1687797742785, -786.761400386186, -756.9179562882124, -718.0001767560103, -749.3674249223808, -737.3115328676361, -1043.7523920040499, -848.7471125391083, -737.1308784524334, -631.8353593551826, -747.8462592314673, -630.6856670521959, -876.5242169297301, -850.2212702671841, -862.6563673403604, -875.561622803392, -865.4323875210038, -801.4496402921401, -870.0893870850409, -610.9590644451788, -761.810077180032, -842.5241049043074, -627.5221939202966, -504.05946749525873, -622.3570382700585, -618.9102732220659, -620.9398614778064, -639.4221928747529, -607.9113008722052, -533.6302171875577, -645.7582050324542, -379.4717956813262, -628.5304037079189, -503.5914685625576, -496.03475686594885, -640.7011876989769, -511.3461411036637, -492.8418576135195, -491.5575239114293, -725.7663925472195, -500.44107374195374, -521.8091063838084, -365.9395971657717, -375.3649060677992, -253.36382993791483, -366.4904721103057, -128.0648528308828, -126.45898581644265, -250.96929474193996, -249.31052099812155, -374.0232213097047, -244.88468986105946, -361.5421620231488, -125.32283094512681, -121.89729944654424, -120.31038883036653, -4.373816727343055, -384.0735705461019, -247.142620708719, -239.06691591201715, -120.32141503175187, -118.90332510273119, -123.79079477797923, -120.72727286261633, -240.49369336024427, -261.83317058630035, -385.24327714503613, -121.38698348837964, -117.5914294583755, -245.29152961425726, -126.19356710705311, -238.31757216614432, -118.29310355840533, -1.8059967843630638, -253.5130050339038, -121.19212724853867, -251.96469410040993, -119.67035357730582, -380.60812371090634, -116.21586674697566, -117.96882977644738, -124.18786635671958, -4.864651543446755, -119.34359546667073, -304.3813090717516, -353.2470573670971, -122.2490107863214, -248.2865989656359, -879.6559066077707, -1.40689823665977, -120.02599317579947, -250.88341082515788, -121.4580744508299, -119.99099155663453, -120.00860565553347, -1.080737370295569, -375.63153908271846, -249.370375920026, -123.24228059283226, -127.2353959504439, -362.36242812809644, -1.1883911274146526, -309.9842617409935, -301.442099053277, -121.03905126293353, -265.4029300520782, -2.1750405415043472, -121.92434929675036, -120.86770854504782, -115.30804407702895, -221.84244137175295, -236.2922298204716, -336.7916647874206, -119.78491967694647, -334.9460609752381, -129.95716935194048, -121.65607752675265, -236.90539431285484, -120.71060120301232, -3.903771040325688, -126.52415898997442, -123.64792083612186, -1.1908581069462523, -120.70280721816316, -115.29024168798875, -130.98299841068055, -1.1134920264971262, -117.62084942776895, -124.85652908614722, -126.43084812944305, -117.97306747505941, -242.2072594792894, -126.37611074923998, -253.80905347468126, -256.3327058577548, -122.64873037931346, -374.8022649551963, -126.57418127783885, -244.87731539962058, -231.52001092301333, -125.69345670933099, -121.98597669276579, -126.77867197849943, -119.26213973709099, -258.4114405534905, -119.3284877976353, -125.90301774905242, -122.86151701449407, -119.08124842203536, -128.15349334582194, -2.338602150391273, -247.66573406123376, -230.48885905671273, -243.40746043437184, -124.74979724150533, -1.5588436633329963, -125.83510230750437, -225.37951737143038, -120.25012195452749, -124.15631207384227, -120.26294332212363, -230.33143086532752, -1.4839874593028655, -242.35973070330857, -126.09831484141601, -121.31729533126283, -0.7728276439084779, -244.48167379780745, -115.8535503624986, -0.600031198551513, -126.94671186770817, -128.8605128966014, -122.93162334252976, -120.53229227564513, -235.45312136204322, -125.46942603637888, -125.62989750071516, -121.63598598617996, -263.5154489674703, -120.85400227690248, -242.01721412468336, -301.03144952636916, -244.24918341534536, -126.18627944526361, -119.91899219938001, -125.09860501272121, -244.78449599021414, -119.72344418601439, -246.7910372014124, -244.70438737230887, -120.4199394916906, -252.90413462396745, -312.457899188553, -117.52201940570552, -1.7545792062665435, -0.5054586861607205, -122.37131744864385, -239.06154237170134, -1.7857276370055921, -123.93517895197523, -287.6395936664823, -115.69540772562104, -118.64246826138147, -123.55079712514882, -235.54488570664162, -1.091312081749006, -235.1725779381065, -115.38728904246727, -127.45683382307855, -126.04471479845209, -236.6646086052304, -129.06124808239528, -114.90801004247268, -121.99384633374267, -113.86516766780741, -231.34279630817534, -122.74032278816433, -4.153146036959364, -121.31394522589737, -123.67877094588766, -121.20988191351823, -114.84038146853992, -121.3428448501993, -247.32798593890445, -0.9249182911103573, -234.5656084358195, -127.33414165066596, -251.55181459537246, -124.10122720504985, -114.55976812505811, -123.72650987963918, -117.59879768607186, -126.82189696634273, -241.19088473224616, -301.74604629459327, -355.26373859119127, -125.82906874254724, -117.91294862167193, -122.35337405568603, -116.80330590956375, -233.0098433593723, -0.8045477437428361, -229.7055155424096, -231.53950952696417, -115.05326729642476, -118.69137664050196, -113.87838457760836, -244.8420629484074, -126.36474850817208, -118.52895409031909, -120.83470286325351, -353.609944013892, -242.69923204915995, -115.09057132878263, -117.01346986627134, -119.76301512516198, -117.42014252716697, -243.87386907552315, -243.52214193782473, -118.45779730606354, -123.2046803122741, -244.8880058428519, -384.1979838504317, -236.22137747336697, -1.1566356710924537, -118.56671057872833, -3.6115267722777737, -124.72090001778932, -0.4190573728913709, -226.40606933720912, -114.18298880304378, -121.15681128855981, -235.89725089106906, -119.4553811505542, -126.04601887890385, -123.10193680205941, -121.84888767652785, -0.5169933072916323, -121.34134914809742, -230.65844268976045, 