{"episode_lengths": [200, 200, 200, 200, 200, 200, 200, 200, 200, 200, 200, 200, 200, 200, 200, 200, 200, 200, 200, 200, 200, 200, 200, 200, 200, 200, 200, 200, 200, 200, 200, 200, 200, 200, 200, 200, 200, 200, 200, 200, 200, 200, 200, 200, 200, 200, 200, 200, 200, 200, 200, 200, 200, 200, 200, 200, 200, 200, 200, 200, 200, 200, 200, 200, 200, 200, 200, 200, 200, 200, 200, 200, 200, 200, 200, 200, 200, 200, 200, 200, 200, 200, 200, 200, 200, 200, 200, 200, 200, 200, 200, 200, 200, 200, 200, 200, 200, 200, 200, 200, 200, 200, 200, 200, 200, 200, 200, 200, 200, 200, 200, 200, 200, 200, 200, 200, 200, 200, 200, 200, 200, 200, 200, 200, 200, 200, 200, 200, 200, 200, 200, 200, 200, 200, 200, 200, 200, 200, 200, 200, 200, 200, 200, 200, 200, 200, 200, 200, 200, 200, 200, 200, 200, 200, 200, 200, 200, 200, 200, 200, 200, 200, 200, 200, 200, 200, 200, 200, 200, 200, 200, 200, 200, 200, 200, 200, 200, 200, 200, 200, 200, 200, 200, 200, 200, 200, 200, 200, 200, 200, 200, 200, 200, 200, 200, 200, 200, 200, 200, 200, 200, 200, 200, 200, 200, 200, 200, 200, 200, 200, 200, 200, 200, 200, 200, 200, 200, 200, 200, 200, 200, 200, 200, 200, 200, 200, 200, 200, 200, 200, 200, 200, 200, 200, 200, 200, 200, 200, 200, 200, 200, 200, 200, 200, 200, 200, 200, 200, 200, 200, 200, 200, 200, 200, 200, 200, 200, 200, 200, 200, 200, 200, 200, 200, 200, 200, 200, 200, 200, 200, 200, 200, 200, 200, 200, 200, 200, 200, 200, 200, 200, 200, 200, 200, 200, 200, 200, 200, 200, 200, 200, 200, 200, 200, 200, 200, 200, 200, 200, 200, 200, 200, 200, 200, 200, 200, 200, 200, 200, 200, 200, 200], "episode_rewards": [-1002.6086104324321, -1126.51769948484, -1557.3185242130862, -1150.7318040091434, -1152.9463066776584, -1414.2203479856512, -1001.3640007354098, -1326.6648209523032, -1077.6218693908852, -1096.6568272457566, -1480.7873812790374, -895.1601697363789, -1335.3090700145674, -1082.0166837767858, -1389.5273309106767, -1337.9076371228882, -1393.0744975673567, -882.2428560015097, -1246.175300520955, -1221.2938423298185, -982.6735171154448, -914.143741660506, -867.5460642791272, -1288.4263709882382, -1089.161783342176, -915.1434822753112, -868.1843796826917, -766.3938727507401, -986.9492490217175, -895.7724974303746, -990.9158694140247, -976.650798826927, -868.4757030323851, -900.2933593563079, -622.091436692614, -763.3090110440587, -742.9757608895293, -625.4991556420514, -850.3276645118436, -762.7879931479396, -735.3154035741737, -876.265804241627, -1085.5769390177513, -636.0404769980614, -756.5095857114025, -932.7244646390432, -880.1025376488972, -733.3066448108807, -502.1367991567294, -736.1436142923044, -500.2730472418656, -615.4688917575868, -761.8855017517211, -679.9955241822566, -780.5683714481984, -778.971065301798, -637.4396804072253, -503.39084871945875, -583.4504933720436, -502.98928079366937, -376.4198556599077, -382.367127437213, -739.730336336013, -893.4192183145392, -525.3002768149145, -384.33326912648397, -608.3701603536762, -611.5400044855505, -607.0137582902311, -397.48061585878895, -377.46885287125195, -418.3607900017054, -172.66981048530488, -255.32047379317905, -468.7490725347697, -252.40482253697905, -250.41185265117196, -502.24862088803303, -123.64096310988562, -127.4742762012387, -243.6263232103798, -255.07965278578777, -237.5117630733559, -432.0636010422107, -119.71756839167143, -249.2465020728496, -1.2770067616993444, -270.10019520103356, -357.62998911230994, -465.4047962265581, -239.41389853413588, -124.69922342965806, -121.08425759495402, -247.35972977421298, -235.46458405026934, -240.58896499768483, -123.81569678127478, -123.98108761088986, -121.71479091394907, -415.1499300047442, -4.021549204476128, -251.12056521298646, -120.50082357340366, -123.1737303233954, -246.99968251614956, -0.9748108500454062, -1.8621563213365153, -242.73824051738202, -389.22709989771806, -351.93921610780296, -123.93956296029467, -283.8626974144662, -247.36022337555465, -3.187538481363437, -241.01397421125046, -235.65359865907985, -328.127707647471, -1.5912857265094038, -353.61217731479474, -123.91921589097439, -126.68933319487441, -253.27791524176976, -122.42007495849313, -116.45599409145451, -249.97140469456008, -126.30778692854526, -125.23436636956201, -241.86873554343916, -309.5468798397092, -121.64791308793032, -304.36868990891446, -125.4696376679257, -245.88364693001478, -118.13652135193203, -331.2873893774282, -1.0629910792415995, -121.31188294088251, -234.71781859207942, -341.9639840605814, -117.79681645646485, -124.66368339069872, -247.03493856239592, -235.89545417576045, -4.94612546770659, -129.02848208002595, -1.0175546827314175, -2.5384428936662427, -117.16601677469059, -119.75133408896951, -247.32577004900952, -126.8977604596259, -256.56993159506595, -126.27634379607113, -325.7191909647009, -125.7987145094339, -231.18032940988627, -126.4957475875623, -367.44777119050786, -237.92945502073383, -348.49888969040273, -242.04260267842938, -247.47081233458377, -121.11375557674528, -351.2631804137691, -115.3777569152469, -361.5650704538607, -119.13033310349688, -124.04222680145512, -251.43229729438178, -240.0895074858376, -124.24838827225726, -247.72520854864587, -259.38982352857363, -124.79984002343048, -264.6655023645918, -120.92936355073834, -251.74005490649668, -119.30215459698287, -295.5599216802937, -1.0501425532588151, -124.90072095581083, -356.65068985402746, -0.7890537029827266, -125.50733631144334, -243.83691351002568, -121.96100167847668, -0.7534658140792955, -247.92249901600647, -121.59549250784065, -121.63177477714154, -121.7011753458777, -1.014626584401491, -124.20736982884726, -229.24539207598778, -1.0087650236531085, -123.23117115525866, -355.11116265210654, -122.2598038287066, -123.90862517091686, -122.54509744698544, -122.63818567228866, -234.50770524664875, -243.8115098644435, -360.08365491520334, -121.00691047699947, -118.19342886249925, -239.77548321831344, -125.77446287498394, -245.16118718736305, -331.2328926316485, -120.85923008783962, -117.76918779701403, -2.736203214260312, -118.42867656713182, -125.09723989158253, -119.40039159951395, -123.9840172762146, -117.3037251485805, -238.4037679038578, -248.29740498442115, -0.9549043551394564, -120.14113229680298, -0.6446719723048073, -117.63169905718216, -127.86467175782506, -126.47712196178323, -119.27952389141923, -115.38131764123104, -1.759436514500136, -234.54987660223063, -115.76244281581326, -0.7722518708814691, -283.4922698006032, -125.07168430268372, -120.1844199063336, -244.4052576332341, -115.17242767474917, -123.10490981018603, -235.6382201327933, -0.5019720914032957, -126.71850671915199, -232.36258090262623, -118.21175418602488, -122.8683372263223, -125.69155340807669, -123.8147698339597, -232.24874863080908, -355.43992757424246, -119.37864957351418, -240.3455005229935, -318.39814563359107, -329.21893866920897, -363.6876601240075, -0.6559421119275797, -127.56361617923399, -117.99767446341258, -240.6468570026111, -3.5523349740401233, -118.3677704049564, -244.87149250455255, -122.62183877118895, -126.72291063699782, -113.28903573817936, -241.31371917101052, -122.201903961896, -0.939879613870447, -3.8015384849802882, -120.85337891309119, -121.92452503556846, -323.95643381950487, -125.62158556481123, -231.20208138776502, -118.41701754181742, -120.48486731177506, -0.5369979864634096, -117.61930442235928, -0.7333743215245677, -120.1013923109542, -122.10457458562503, -0.7464037010089648, -119.3161883744326, -124.5418322648236, -232.75112649201498, -236.32558363029057, -123.785910039635, -123.56983374492023, -120.11130336916828, -0.6233907650912719, -0.6740029120030987, -122.10254332816835, -127.6130624255605, -1.4916310668323944, -123.2528111084256, -0.6864824196650103, -118.75328570289787, -232.87562752439788, -123.59136914005975, -0.7164032401659247, -130.85874243047522, -117.30925769516985, -121.79142543206314, -119.94639225538712, -123.32742014485598, -237.59246158076908, -248.13819446232083, -245.42356537334746, -321.3800213205436, -227.0606396472783, -235.46901279980085, -116.12487915276175, 