{"episode_lengths": [200, 200, 200, 200, 200, 200, 200, 200, 200, 200, 200, 200, 200, 200, 200, 200, 200, 200, 200, 200, 200, 200, 200, 200, 200, 200, 200, 200, 200, 200, 200, 200, 200, 200, 200, 200, 200, 200, 200, 200, 200, 200, 200, 200, 200, 200, 200, 200, 200, 200, 200, 200, 200, 200, 200, 200, 200, 200, 200, 200, 200, 200, 200, 200, 200, 200, 200, 200, 200, 200, 200, 200, 200, 200, 200, 200, 200, 200, 200, 200, 200, 200, 200, 200, 200, 200, 200, 200, 200, 200, 200, 200, 200, 200, 200, 200, 200, 200, 200, 200, 200, 200, 200, 200, 200, 200, 200, 200, 200, 200, 200, 200, 200, 200, 200, 200, 200, 200, 200, 200, 200, 200, 200, 200, 200, 200, 200, 200, 200, 200, 200, 200, 200, 200, 200, 200, 200, 200, 200, 200, 200, 200, 200, 200, 200, 200, 200, 200, 200, 200, 200, 200, 200, 200, 200, 200, 200, 200, 200, 200, 200, 200, 200, 200, 200, 200, 200, 200, 200, 200, 200, 200, 200, 200, 200, 200, 200, 200, 200, 200, 200, 200, 200, 200, 200, 200, 200, 200, 200, 200, 200, 200, 200, 200, 200, 200, 200, 200, 200, 200, 200, 200, 200, 200, 200, 200, 200, 200, 200, 200, 200, 200, 200, 200, 200, 200, 200, 200, 200, 200, 200, 200, 200, 200, 200, 200, 200, 200, 200, 200, 200, 200, 200, 200, 200, 200, 200, 200, 200, 200, 200, 200, 200, 200, 200, 200, 200, 200, 200, 200, 200, 200, 200, 200, 200, 200, 200, 200, 200, 200, 200, 200, 200, 200, 200, 200, 200, 200, 200, 200, 200, 200, 200, 200, 200, 200, 200, 200, 200, 200, 200, 200, 200, 200, 200, 200, 200, 200, 200, 200, 200, 200, 200, 200, 200, 200, 200, 200, 200, 200, 200, 200, 200, 200, 200, 200, 200, 200, 200, 200, 200, 200], "episode_rewards": [-1040.8573971994733, -1245.7887824019608, -1082.3553210647801, -1040.2091052228775, -1037.4887254065102, -1153.8550851509124, -1226.9259293167534, -1245.6994372594072, -1031.954100146705, -1020.0006297417028, -1468.6271213067298, -910.350150472298, -1026.31368983131, -945.5253974924154, -1330.9797403950045, -1360.6509072971098, -967.9946943885537, -1323.0638025438882, -1349.1095350072123, -1501.87221221843, -894.4428103701657, -891.2727257190525, -900.6941008128314, -1036.8752907227267, -862.7411236546018, -999.5649562079683, -1428.7983410657923, -1083.7174888278298, -747.7030094604752, -976.2718991885258, -759.9122827608586, -757.4893483227189, -625.8885907380003, -750.7504246172858, -855.5690680717921, -883.9561316727978, -852.1801420964428, -628.4420550174547, -983.7646208467448, -732.8862813352453, -626.8494359676238, -754.4506997272691, -862.8877209570303, -631.9672409172666, -961.4422513227936, -896.9190515595225, -741.4764316023128, -656.6648305199797, -676.9023273612435, -775.1487067243637, -737.6293043151613, -745.8476949556557, -712.2802886645201, -841.576697879679, -481.5903861165344, -499.9097223879387, -802.7041529103908, -396.32729177219557, -747.6818101064341, -497.45374667670205, -619.2516298191946, -637.9109584300621, -616.9709433578366, -608.4683374807123, -739.0711740514785, -491.29806466956484, -367.80649323797206, -615.0315284686617, -365.8396991609692, -511.69137921802553, -376.1025837648381, -496.43651579573736, -646.3492456831834, -368.1917864954046, -251.42092113859343, -380.10048956662365, -512.0499048353183, -2.2538027578748125, -246.4030548855798, -355.5042058429294, -396.85037010867785, -124.82333194328007, -241.67921198592637, -240.45149521042168, -124.84818729279041, -492.2448712409114, -262.1844087215257, -122.71593925490926, -123.75616169828254, -121.9453540463564, -252.77341598587012, -126.64494660182848, -119.62149588391377, -122.94755542047577, -404.65428322829837, -1.5280695564195994, -127.23314112803342, -235.09327948485088, -125.71927166184334, -123.38421524925619, -239.95585931235797, -121.76481564030104, -2.9578536293939326, -1.0694928640159471, -357.97708653058623, -240.98279912274214, -247.28106218273513, -124.9571111977967, -242.30978613729235, -121.25798544999067, -243.0431346994539, -239.59286389190154, -117.4061240228329, -244.59896674215776, -125.05441295303692, -119.68971116177197, -123.86811400343079, -2.0147639825366688, -115.57195957881072, -127.4842302068572, -246.90599151219985, -121.52250848883729, -122.02442382774969, -125.65813552823322, -119.31341917324075, -122.7936030390543, -125.71258528023489, -122.92791395775785, -124.05045086410402, -359.4311765959235, -307.81330009216873, -1.3479781938678836, -119.57904827852099, -124.59102952419727, -256.76830838408733, -244.35279653001203, -309.94720932109516, -243.54200404452683, -3.788755544975981, -335.132311589964, -265.54672737264025, -119.98419712270909, -122.64617530535607, -120.73486380749631, -124.03823476035807, -120.30908020205172, -117.1978281327021, -346.24633401412166, -1.1686748482093652, -241.38017325336682, -125.59977498598303, -125.24865705143051, -253.44130607882119, -2.447676973429212, -122.66322387853774, -1.1422303929597264, -248.94836130816338, -1.2220447420967393, -119.29737945084321, -258.35650640416424, -125.68794130108455, -119.62366454701048, -1.7281329214626033, -236.28477854079264, -238.35431299210322, -347.31903641414453, -241.09510694346474, -243.2027338103599, -120.16062162852522, -401.99012477585285, -252.290023299315, -242.04731370523004, -127.03502844353206, -245.0006325838629, -361.85292641125426, -254.1607807330827, -119.54110223682086, -116.85445649642669, -239.31237083404906, -123.0850485667596, -0.7336261021027101, -120.72573611265047, -245.92823189936058, -313.4177867210389, -245.23515608598612, -115.95721648537929, -248.92193031180076, -240.1682597294882, -114.17029689405474, -344.0820118924043, -127.02062994839429, -122.44683422342914, -3.2381254985499406, -249.79863724809206, -119.45597659008753, -127.62499208012225, -0.8649793048868348, -242.10951821846498, -120.9795676969127, -115.43270672954404, -237.78327902621623, -238.69479340478662, -238.66031757484654, -121.859316705427, -125.02574529082577, -234.3495658875163, -126.2951952773893, -124.43912406627592, -1.6402275869209404, -353.10328958153406, -125.93104004255832, -122.99715952988838, -0.598791702354462, -0.5477770123195654, -126.99656318700931, -0.7116421068575052, -233.91982044887132, -250.88940221445063, -122.18724359412356, -1.4659833790152093, -0.7820384029596945, -121.22605098377632, -122.68385854894804, -122.17272624719142, -233.55309088111193, -327.8329917095902, -124.01923640393979, -120.10537968670269, -0.7275823693167687, -120.96145604142043, -125.99629065723198, -0.6107369316324845, -126.57119176584752, -121.63192453637795, -127.97266356880984, -248.82323928925345, -119.80058511883102, -241.24797569517762, -124.63750170316843, -118.32897161608314, -243.4467037064839, -126.5779932873732, -0.647167680111821, -119.83693775895387, -1.1263525288113994, -115.36853719035743, -115.62530011807394, -0.8104641226004984, -225.27736410772337, -121.97752576105214, -125.2921443899005, -266.2599471901067, -126.4222830443222, -116.82156726151072, -249.53999893408783, -124.93324515125188, -4.288521572377651, -126.98256863707448, -244.51589745645015, -119.3717253490678, -125.21919854613053, -121.27454586673306, -125.07995849806572, -113.43041288048285, -122.39616431458002, -362.32936687703904, -242.04678377494986, -115.97516928955423, -122.1575358171936, -119.90502713596612, -116.34706337351925, -119.01035929649036, -0.6023169045866387, -124.88219461924169, -326.45882106662856, -119.67157277061803, -236.76568098142755, -230.15322179235315, -115.02345723788737, -263.0080729774427, -118.7779831744514, -117.8772644341625, -118.66534526185893, -124.33907907437286, -126.4910286639159, -231.47720629420996, -119.78969433855906, -115.6912796454882, -243.98853216676792, -238.7663134155089, -121.27205290105935, -357.99544652091413, -125.00620174419453, -230.7489411169974, -1.9550315966819336, -120.36200675650909, -126.31568753040008, -121.74263202062386, -126.9749469845232, -121.4867600440801, -239.56819176609451, -346.68677026567167, -239.3473028401044, -122.11195766365944, -247.3790108862519, -124.07221225879765, -116.53723066074033, -124.3986896498584, -237.287601521898, -122.33908601974727,