{"episode_lengths": [200, 200, 200, 200, 200, 200, 200, 200, 200, 200, 200, 200, 200, 200, 200, 200, 200, 200, 200, 200, 200, 200, 200, 200, 200, 200, 200, 200, 200, 200, 200, 200, 200, 200, 200, 200, 200, 200, 200, 200, 200, 200, 200, 200, 200, 200, 200, 200, 200, 200, 200, 200, 200, 200, 200, 200, 200, 200, 200, 200, 200, 200, 200, 200, 200, 200, 200, 200, 200, 200, 200, 200, 200, 200, 200, 200, 200, 200, 200, 200, 200, 200, 200, 200, 200, 200, 200, 200, 200, 200, 200, 200, 200, 200, 200, 200, 200, 200, 200, 200, 200, 200, 200, 200, 200, 200, 200, 200, 200, 200, 200, 200, 200, 200, 200, 200, 200, 200, 200, 200, 200, 200, 200, 200, 200, 200, 200, 200, 200, 200, 200, 200, 200, 200, 200, 200, 200, 200, 200, 200, 200, 200, 200, 200, 200, 200, 200, 200, 200, 200, 200, 200, 200, 200, 200, 200, 200, 200, 200, 200, 200, 200, 200, 200, 200, 200, 200, 200, 200, 200, 200, 200, 200, 200, 200, 200, 200, 200, 200, 200, 200, 200, 200, 200, 200, 200, 200, 200, 200, 200, 200, 200, 200, 200, 200, 200, 200, 200, 200, 200, 200, 200, 200, 200, 200, 200, 200, 200, 200, 200, 200, 200, 200, 200, 200, 200, 200, 200, 200, 200, 200, 200, 200, 200, 200, 200, 200, 200, 200, 200, 200, 200, 200, 200, 200, 200, 200, 200, 200, 200, 200, 200, 200, 200, 200, 200, 200, 200, 200, 200, 200, 200, 200, 200, 200, 200, 200, 200, 200, 200, 200, 200, 200, 200, 200, 200, 200, 200, 200, 200, 200, 200, 200, 200, 200, 200, 200, 200, 200, 200, 200, 200, 200, 200, 200, 200, 200, 200, 200, 200, 200, 200, 200, 200, 200, 200, 200, 200, 200, 200, 200, 200, 200, 200, 200, 200, 200, 200, 200, 200, 200, 200], "episode_rewards": [-1067.4564907248161, -1162.2678654369372, -1156.8460343512722, -1079.9403804711128, -1100.9693262582307, -1042.7989031230525, -1208.3216181702246, -1035.9755339194742, -1402.801347891796, -787.5353741527013, -897.5377257482193, -986.6678184906841, -747.9964439815639, -1018.1006374919932, -910.2765431649523, -943.2576910341121, -768.6503322569372, -920.1926953859671, -1184.7307012196673, -1384.8498821763733, -1006.044711628844, -969.3630284484157, -1100.1636987518782, -877.0190795093864, -1116.132644586604, -809.2685480389465, -1140.0076452779017, -1178.485278167803, -1005.9098542914409, -881.4837088041616, -870.1880886995139, -761.2700508944158, -877.3287461545866, -861.298882733475, -976.9070396927889, -743.1908746778553, -940.4958527686294, -984.4343372609709, -759.3630843992321, -857.4572620942469, -854.9455578459956, -865.4293692516833, -732.4751292248527, -885.1587177585975, -1072.8499545792436, -531.9406857358621, -638.6277747927285, -628.1872602246755, -755.8264028123264, -625.0340870648228, -975.2976607985037, -759.491101850773, -505.8672898772069, -777.1050136949364, -627.0463645326023, -625.9695619520013, -630.2016543798314, -618.4618502683755, -755.3169091247104, -506.5353180639277, -750.617239281429, -742.5154709726224, -612.5658416290914, -376.8053909671635, -375.6741554034269, -506.0004249597704, -381.23524896058075, -717.2854507135656, -505.80222885300515, -244.97415466542049, -253.4058758789559, -526.1658275057306, -126.29565196849069, -506.14157977872964, -251.66092827361803, -121.88037772781227, -528.6878585203888, -249.78926283345552, -124.6098313650098, -122.52029782467191, -122.18133156638447, -366.34230193379346, -123.47755571113886, -127.628219257407, -125.4677275351223, -1.2997441378257666, -124.22826897975712, -123.79823128377429, -356.21955539771056, -362.6677628382156, -235.74473519389062, -2.038546125460914, -252.25850104386484, -359.2345073131773, -242.38290204175158, -122.23062797629, -366.1088642902836, -121.715894218225, -1.1533394283529104, -359.1725404704012, -125.00452611719729, -125.50599136773594, -126.54096596901083, -122.77134919502625, -240.75564220903954, -124.58300535688933, -125.95184440622967, -2.027785416067654, -119.58544936788726, -1.822004038841087, -1.4698611964513122, -119.39817168997295, -278.6957879418434, -2.9117754021124087, -246.27354104155722, -115.16790106017086, -236.64831472986063, -122.17996548327322, -625.5057846837807, -126.28275671971433, -1.1113255952351415, -0.7891221471092877, -121.02015685766361, -239.45215254018876, -254.50128707122886, -118.69351473599679, -118.31981010168069, -1.1377979512614596, -127.14384604138684, -125.91429339899386, -335.443041467141, -118.25216259576486, -117.16572498594584, -120.67147342189398, -119.4812746028427, -117.98372914215366, -240.67070049169843, -238.53173614825863, -119.29988608365358, -120.30335930872661, -121.51292755663405, -1.0294272293555966, -115.13283816588435, -126.98265008865629, -253.4128149678311, -123.69326035283798, -125.24367828753701, -235.402376486786, -117.82683501521377, -124.68732968437756, -1.0025961233893073, -229.01663082306212, -114.74162443031028, -119.28596416346218, -119.68389084625208, -118.39316851776736, -115.2357836757792, -120.62168405163001, -0.725225229803205, -236.84526945999153, -2.1298451891018075, -258.98155486584784, -244.5534088372207, -2.150766078594424, -121.6085460491606, -338.04824617502607, -2.1191279985016487, -1.2891195534036328, -265.6216933700755, -256.52016367180784, -249.00096939426464, -117.39478567149617, -125.15430475774495, -124.95332227438486, -127.01034691459832, -120.79436040551039, -122.03589705446493, -117.10611891170225, -245.7703294007178, -119.54390252046178, -2.0638006136551033, -0.9714096151210707, -1.2303670198094976, -120.40840295369378, -115.80912799918612, -123.76730800247023, -264.8001499561229, -268.4064640050084, -0.7486711215951873, -2.840131873822938, -245.8027663806592, -120.91519185397273, -243.79198071844766, -128.70213038414738, -1.5088422668294836, -117.55865315109136, -124.00938611937119, -123.43124818009345, -0.9819269947087582, -115.68328200225068, -247.96916525937388, -3.026484499677182, -262.2767543317905, -125.79029343374462, -121.3584211338252, -123.71421007745691, -1.159860696570083, -124.70599931524781, -331.2552807159243, -118.08814192086533, -122.0772192607058, -298.3438490753271, -294.8141843285613, -323.11028706564196, -2.3442977214494447, -121.57361588861168, -123.18985553129582, -121.63786100448088, -3.679047089618612, -250.97376228353497, -122.60778352589853, -4.2153593393064765, -122.56610335577922, -122.12404767512217, -1.347281085399858, -250.12156674192073, -117.9814589838572, -121.03904918136826, -121.24434440775043, -118.79451487597413, -125.59549197501374, -121.44156166745286, -241.26803279459506, -121.12904364219933, -125.30968256163084, -242.28135403839536, -238.74384761290042, -124.19673197299706, -2.188227756930633, -123.1974817841902, -125.65226313906552, -126.4127499190719, -124.46278440476891, -0.8054017017928367, -233.8828028942621, -239.51456534087126, -339.8874539126832, -125.03403225753048, -0.8218955472868821, -122.76762388453228, -231.14194134099685, -119.19539512139293, -0.5783035810945717, -269.2737023534108, -4.296519390573004, -125.13264783419604, -248.99651363936232, -123.3223831192118, -1.7520789883341696, -126.09561212432676, -240.42291509336667, -234.98502085880898, -254.96471835354805, -234.58986343916575, -118.9714241774154, -120.00821211084926, -118.72227004501616, -129.09686577549758, -116.99854404471424, -124.57880893151749, -128.37372806034645, -126.94638160226465, -128.46986005193844, -240.14872554615596, -120.9365001219379, -228.16236600478868, -0.5603508347937033, -350.0938317118471, -0.47384458776234634, -233.31473177879906, -0.658682299763457, -119.11540810633227, -238.04069436283402, -127.52090014784952, -247.14581704971832, -117.76757043528725, -262.8212416094175, -120.80093795068039, -122.66522267459096, -233.90843029275035, -247.2541837093078, -122.02998000541957, -0.40641374896668936, -231.3615779195314, -115.93177805428132, -114.55884730731596, -338.09632542199654, -122.26001619095815, -296.82551423479106, -122.59355436851885, -3.1046265920036022, -239.43609979574444, -122.83598606965718, -227.92665994455206, -237.92314916775092, -126.57395818801511, -5.043966742257245, -130.5886878912991, -126.46060700037732, -123.74369596559207, 