{"episode_lengths": [200, 200, 200, 200, 200, 200, 200, 200, 200, 200, 200, 200, 200, 200, 200, 200, 200, 200, 200, 200, 200, 200, 200, 200, 200, 200, 200, 200, 200, 200, 200, 200, 200, 200, 200, 200, 200, 200, 200, 200, 200, 200, 200, 200, 200, 200, 200, 200, 200, 200, 200, 200, 200, 200, 200, 200, 200, 200, 200, 200, 200, 200, 200, 200, 200, 200, 200, 200, 200, 200, 200, 200, 200, 200, 200, 200, 200, 200, 200, 200, 200, 200, 200, 200, 200, 200, 200, 200, 200, 200, 200, 200, 200, 200, 200, 200, 200, 200, 200, 200, 200, 200, 200, 200, 200, 200, 200, 200, 200, 200, 200, 200, 200, 200, 200, 200, 200, 200, 200, 200, 200, 200, 200, 200, 200, 200, 200, 200, 200, 200, 200, 200, 200, 200, 200, 200, 200, 200, 200, 200, 200, 200, 200, 200, 200, 200, 200, 200, 200, 200, 200, 200, 200, 200, 200, 200, 200, 200, 200, 200, 200, 200, 200, 200, 200, 200, 200, 200, 200, 200, 200, 200, 200, 200, 200, 200, 200, 200, 200, 200, 200, 200, 200, 200, 200, 200, 200, 200, 200, 200, 200, 200, 200, 200, 200, 200, 200, 200, 200, 200, 200, 200, 200, 200, 200, 200, 200, 200, 200, 200, 200, 200, 200, 200, 200, 200, 200, 200, 200, 200, 200, 200, 200, 200, 200, 200, 200, 200, 200, 200, 200, 200, 200, 200, 200, 200, 200, 200, 200, 200, 200, 200, 200, 200, 200, 200, 200, 200, 200, 200, 200, 200, 200, 200, 200, 200, 200, 200, 200, 200, 200, 200, 200, 200, 200, 200, 200, 200, 200, 200, 200, 200, 200, 200, 200, 200, 200, 200, 200, 200, 200, 200, 200, 200, 200, 200, 200, 200, 200, 200, 200, 200, 200, 200, 200, 200, 200, 200, 200, 200, 200, 200, 200, 200, 200, 200, 200, 200, 200, 200, 200, 200], "episode_rewards": [-1008.6874390567513, -1161.6476314532651, -1008.1084297992106, -1100.041849214292, -1153.10134120574, -1123.230543195838, -1006.5789065309681, -1014.7039998439509, -1105.9854041559497, -889.0025761011784, -1353.854454314807, -1438.317129743975, -1071.3155208186627, -917.7383744115256, -1214.607536518, -1391.7654294930962, -1224.4196986847526, -1341.214253523344, -883.8046378700933, -1253.563337374857, -884.218212390737, -880.4508656559419, -945.0435198370885, -1248.7815288066406, -1012.8490293486811, -886.5450652142639, -998.6512072042804, -997.5321793399702, -1258.3542338887646, -983.8071383911099, -1079.0112114755864, -1299.4889151248617, -1003.3477190301785, -623.941279461305, -953.8291737533832, -946.9898147737596, -1076.2624769101951, -621.029553931086, -983.9991726954055, -852.4998610819024, -615.8179587317303, -739.6813266240166, -789.437767621824, -631.8452051033078, -501.29454659905304, -742.5228861871722, -734.9184360041249, -625.5727414926131, -569.3601985208452, -866.7798031013364, -741.2594089326517, -867.6757911202285, -560.2319987043436, -507.8391640368525, -503.6101739996773, -727.293881868987, -622.7084650012923, -521.8113114572122, -797.2559713964596, -501.3685996361642, -511.8330310059332, -579.0119068723611, -501.255061781325, -439.8632708133581, -380.0228862105532, -507.4806355457184, -379.32507466609974, -485.3210714613668, -618.4000728562459, -377.8370055636265, -378.23050213586083, -646.7951042524626, -528.5485595335035, -667.024675857007, -676.4945986692367, -487.4650344326395, -381.93144565707803, -122.9350389514489, -128.05342839727848, -127.2162674656051, -1.3629734681720438, -125.48021120155357, -390.08638858028564, -245.01277137547362, -120.17926351314576, -121.54540846285332, -447.0731055102325, -120.21410692809883, -361.7275489910316, -422.80519033470347, -248.05174202574185, -254.21077690301323, -244.32893816523494, -121.48986059950714, -1.0721814091749515, -373.8224973686354, -252.02000497224665, -370.0542427558528, -242.65073526190656, -259.1570311699448, -279.6137573734769, -118.58485690987064, -257.106086642419, -1.1441230269200835, -0.9196361445452681, -363.6449581571501, -119.62782514040215, -122.3084707782684, -123.3700263617093, -124.60933781019652, -358.35859257955656, -239.58885562142413, -122.34595056505138, -115.70522267169147, -116.82946913280657, -349.1162968831478, -124.1814165985648, -124.37175480106751, -120.02657407243835, -226.6872109545988, -122.38633697841613, -256.4416786167068, -235.43718634744832, -238.52756118844454, -252.9535422504225, -352.39202869502503, -251.44253121306608, -123.62719312049197, -116.1278595911276, -123.244941778932, -116.6135568024134, -249.12736869000983, -273.0479161236453, -317.7701398485428, -121.55818541662345, -240.27097305840414, -123.07780117384414, -351.24632201664406, -242.26037277315848, -241.9559094379373, -1.954843816589768, -125.40232328653973, -333.2106632308821, -125.16183509357153, -127.14646461795776, -237.79526287332433, -320.8804043451702, -125.72163127356055, -244.68454039877182, -124.90105052048168, -241.3912835285773, -116.18648325910742, -124.80005618333406, -247.92981370650332, -122.71298333907082, -228.94586645252218, -235.03907989931122, -127.69071739572378, -123.87766985141849, -128.84128187813488, -124.84779483139526, -122.64694156653141, -236.49283579397425, -232.20503173160884, -0.9196481089017179, -114.13503483273792, -119.33148565103656, -126.76223313392384, -122.17175432000376, -122.89982427788026, -116.97039250739465, -236.10275593836775, -341.09329743686004, -115.75763912636046, -122.64895499109693, -122.02485014860795, -252.6092212586385, -116.74934451381995, -123.83507342907863, -119.14879971036811, -354.29470790840213, -125.24612179560233, -121.12147477366562, -118.23374267196786, -124.57493261634481, -121.21678782845039, -115.8803273800194, -239.54484151153574, -128.15693858525665, -118.42046123271282, -241.43130202203847, -234.18840600867577, -225.97742987517054, -2.43460287312176, -127.54649318788127, -255.83797355443608, -126.25519275052935, -119.06421926268527, -122.18626846917216, -246.58104519049823, -241.42733808712, -132.3408205430618, -1.8586924484998182, -115.29834631200978, -0.5935353392751731, -119.78445197270666, -121.51369002180009, -124.61421729586667, -224.98390293329572, -238.40561399128055, -122.87884359276946, -123.58710006818164, -241.45834547129178, -376.73066477936214, -2.039730205742293, -116.69069319315204, -116.76889866170917, -0.8052063762115991, -0.8815355536560916, -370.5311021578875, -234.80790542713441, -236.3957950274212, -125.59253570859079, -122.19358604568285, -246.67251369450796, -243.69173667944725, -0.6819210148657232, -379.2798715762076, -0.7760348166234179, -119.89674929197187, -122.93217436831546, -0.8680818405196251, -118.90185810507805, -117.3899272296671, -230.95144624389962, -125.58946840233509, -126.6863629806201, -128.47260529210365, -127.41285434034828, -118.55481500267251, -121.67195873819017, -235.68727299962896, -117.92470191861293, -115.7107973156151, -119.03860828539887, -124.95377183687114, -322.12014963775454, -122.12526546506577, -116.9952208223067, -125.8987376917351, -0.7116936303103968, -230.91560891376116, -339.2057415567598, -117.35503332597936, -2.4851857548080223, -244.966138400668, -115.94832249306829, -120.49022718789598, -121.25084287492813, -120.71307721734962, -117.38589127863517, -121.39864367487822, -237.02670789071186, -232.7133235599051, -122.53677086398824, -235.17216526371215, -125.60047244282248, -0.8391106180479233, -0.7982898989523008, -309.0273653825044, -3.708006024765579, -119.81251358066272, -120.84289584027744, -123.23176094174266, -121.26708448319505, -117.90913371237748, -121.35950055760333, -126.30210487438563, -261.85810582828304, -324.32823648464296, -121.07261613918664, -123.78032705448413, -119.34457185014573, -238.79909320848353, -124.39363476089123, -118.89598234083533, -2.312230970439459, -119.95330903940805, -119.89249189478106, -116.47189168079701, -228.9678756417544, -115.52817215299568, -268.4380707891342, -252.15501750377246, -127.40551139875784, -241.19568040967272, -237.6290117992354, -125.45986491224409, -126.76968578534189, -0.9404568936544643, -245.30744809473626, -123.95143519860096, -116.66202906141051, -0.6594078387940298, -118.92820168849914, -245.98517721873603, -0.5902290274731933, -345.99605393073375, -121.89656017541954, -125.36478808142238, 