{"episode_lengths": [200, 200, 200, 200, 200, 200, 200, 200, 200, 200, 200, 200, 200, 200, 200, 200, 200, 200, 200, 200, 200, 200, 200, 200, 200, 200, 200, 200, 200, 200, 200, 200, 200, 200, 200, 200, 200, 200, 200, 200, 200, 200, 200, 200, 200, 200, 200, 200, 200, 200, 200, 200, 200, 200, 200, 200, 200, 200, 200, 200, 200, 200, 200, 200, 200, 200, 200, 200, 200, 200, 200, 200, 200, 200, 200, 200, 200, 200, 200, 200, 200, 200, 200, 200, 200, 200, 200, 200, 200, 200, 200, 200, 200, 200, 200, 200, 200, 200, 200, 200, 200, 200, 200, 200, 200, 200, 200, 200, 200, 200, 200, 200, 200, 200, 200, 200, 200, 200, 200, 200, 200, 200, 200, 200, 200, 200, 200, 200, 200, 200, 200, 200, 200, 200, 200, 200, 200, 200, 200, 200, 200, 200, 200, 200, 200, 200, 200, 200, 200, 200, 200, 200, 200, 200, 200, 200, 200, 200, 200, 200, 200, 200, 200, 200, 200, 200, 200, 200, 200, 200, 200, 200, 200, 200, 200, 200, 200, 200, 200, 200, 200, 200, 200, 200, 200, 200, 200, 200, 200, 200, 200, 200, 200, 200, 200, 200, 200, 200, 200, 200, 200, 200, 200, 200, 200, 200, 200, 200, 200, 200, 200, 200, 200, 200, 200, 200, 200, 200, 200, 200, 200, 200, 200, 200, 200, 200, 200, 200, 200, 200, 200, 200, 200, 200, 200, 200, 200, 200, 200, 200, 200, 200, 200, 200, 200, 200, 200, 200, 200, 200, 200, 200, 200, 200, 200, 200, 200, 200, 200, 200, 200, 200, 200, 200, 200, 200, 200, 200, 200, 200, 200, 200, 200, 200, 200, 200, 200, 200, 200, 200, 200, 200, 200, 200, 200, 200, 200, 200, 200, 200, 200, 200, 200, 200, 200, 200, 200, 200, 200, 200, 200, 200, 200, 200, 200, 200, 200, 200, 200, 200, 200, 200], "episode_rewards": [-1051.2608675439421, -1029.9105434672636, -1422.9742615528153, -1210.632032662795, -1406.4847187757332, -1167.208762548365, -1046.6936671448632, -992.9655496926721, -1090.5152570486293, -1121.4398399036031, -893.8439030256391, -1089.2189653672358, -1232.144968938021, -857.5104782273679, -982.3728508222947, -908.4284547556055, -1092.0197882370867, -1003.5421200916264, -1214.8040162472441, -1385.3783761378052, -976.8901847381456, -969.9382002269327, -1108.5699882912775, -1003.893673209244, -746.9844874677502, -1142.3685026900412, -756.8144632119465, -1166.5897854122647, -974.5221250236692, -1124.3788998011653, -1014.4696374263513, -863.7856124014247, -838.345292523798, -759.1773376235533, -872.7353959176781, -738.4443032688959, -1025.8975151937461, -1133.366529354482, -721.1410292823801, -721.3354015920996, -630.927640251394, -936.1858792032641, -656.0379554185027, -916.0236001762945, -750.4987521764518, -852.5873620702151, -629.7774056850523, -945.8510029915155, -841.7522318028477, -754.8131295930403, -510.0867221723271, -887.1261601710204, -874.5276059751278, -733.99689152487, -693.2539826027624, -738.511350226078, -395.4445584049254, -502.7436589462777, -863.7714471350187, -621.5342098347771, -611.8888301100613, -501.60549974391034, -497.20051446841666, -721.46454022096, -698.0908048085041, -494.1435834842329, -374.5672004050844, -497.0012135996707, -382.9064105422063, -251.72566835682764, -500.22258718313896, -643.4814222326788, -718.7537574770126, -247.54057537875428, -244.31148162043556, -128.6167818377895, -248.85129263836336, -432.54413240280553, -460.39738420203884, -385.813911771751, -374.3663762249241, -127.19019698633188, -128.85527238211583, -384.9620703090774, -592.1560149615585, -123.24253451184948, -364.9474119289852, -389.87906729827597, -124.81077941156865, -363.0012864042115, -241.54607352312524, -280.8489188017509, -124.6162905687943, -1.4540673751432729, -118.29638998731392, -118.88682649116906, -123.30696432536348, -1.40181888696826, -121.9169231777472, -235.13982017593008, -128.92935008554534, -258.383104876344, -377.9983730912806, -124.27744127543741, -387.44960605354834, -1.1762750801681, -125.29163982159598, -377.2745858197091, -127.1609866813888, -1.6064782521395597, -294.59066895637665, -239.01215607548784, -374.1375719856301, -127.431645806987, -120.45200729768047, -122.56322010954673, -252.36088750965197, -386.996127447332, -242.18058316089372, -118.21369885492793, -1.7121107755232292, -119.62165188450491, -245.73054605382944, -1.6323163510370624, -125.20179098830698, -238.65358295832456, -123.94700253949213, -126.60926913670265, -336.8212524396245, -252.6977990156975, -313.12019329640526, -238.38596826140864, -241.01713814313416, -124.0160108276961, -128.3491535107272, -233.25615253120364, -389.4912949156376, -124.33808518129258, -248.38425608278263, -306.60734812208955, -242.1294172599916, -282.81260184399906, -278.63502301636134, -1.3330551730135067, -122.80189750161958, -237.62839082254212, -126.62870970712733, -124.07458892767939, -230.1084752672327, -125.03035119034465, -289.31594137619715, -120.8896550973331, -128.0310751739732, -264.543205752728, -116.5157933020845, -253.04148810579613, -239.33423933392174, -1.8991382759529307, -253.04215544999127, -125.86887529714518, -116.82482918443223, -116.25426314302939, -331.45690832589975, -242.88626477578322, -1.8962350158940484, -226.29881354519242, -0.9939505477738847, -125.78708331367271, -118.74972862170492, -239.69910977918116, -121.19222273182578, -242.4455357341592, -125.83984442616644, -234.83910734593132, -239.11300202078047, -298.3752139159059, -121.68234745354623, -126.97647527989939, -118.86137348603395, -119.69759400512716, -124.87545021396079, -228.12517595971678, -116.48178903577268, -249.08521340897386, -122.84449729171232, -116.83474491805093, -117.84942620291982, -127.01017160736926, -290.0842886347909, -120.69966847314164, -260.0371015601218, -121.0854691482907, -298.23684310786706, -125.53329309819843, -117.05968203666878, -117.70486012075418, -0.6163499625604126, -125.39611858304148, -120.89714016607432, -0.8851447152239904, -237.39264869485157, -121.8070905405212, -123.39233099101749, -121.18368078951022, -117.84492834744523, -241.23242057139294, -257.59942057785605, -122.60589598845145, -317.94195651520664, -235.3344749184507, -260.06113024112057, -304.6599435061637, -121.29704779398696, -0.673448451851119, -237.75700372523994, -280.9595324553022, -121.36568894986556, -126.66158038807271, -117.26014795147854, -1.3473163634424397, -114.35036674327044, -118.87918242536107, -233.57362848135148, -238.99400430987345, -240.4914073654395, -237.6949014873522, -121.68619004637424, -116.91280990431602, -125.77592273755864, -114.51772072210062, -127.03160236919719, -3.105007199249415, -123.43284656192735, -128.04002194395636, -255.8883615751945, -347.4638079395416, -247.96618948504593, -249.4263431210165, -117.41497967196234, -115.84414427434623, -125.71682096457558, -240.32946504917066, -119.22196660854749, -228.59540276602928, -232.15614598468517, -126.99146931049651, -125.7387917131303, -247.84686540576402, -122.59116353733177, -126.47711601386573, -117.72427259082143, -1.3960787429767334, -330.6710627009226, -117.72224214655452, -225.92171824365687, -119.88170742551573, -236.23674998101603, -123.66410867050921, -0.6887803838724832, -0.5317041112100523, -123.40999882803722, -240.01821577454209, -244.2659174146368, -125.58090225620776, -117.00756670108699, -126.0474122558622, -234.3605274919191, -121.39534669367949, -294.54967154885077, -373.5141260320739, -123.3303359016208, -118.41333658542432, -114.9183654703177, -3.4707894009435862, -243.91602052751492, -0.8488622489775363, -2.2766929598097394, -122.93752503911715, -123.98542924165034, -0.5444245245640995, -128.90185387652787, -115.76902236191876, -230.5840511837299, -250.45209129069923, -236.72038549937102, -123.07721758427834, -232.30329252789227, -330.3477035850737, -129.08170456383462, -119.4523184990656, -244.49468543611616, -239.98971123380778, -241.92972548213163, -308.05391995138785, -127.79776587444472, -121.48174963709086, -123.38864364438322, -122.2843035225582, -243.59669587190325, -119.58541717114518, -234.87435175113774, -115.21462737946084, -244.07351677807785, -237.34998805045873, -116.26898862702113, -351.58197308026223, -232.69970561715607, -121.47876740081428, -118.4784227996375, -117.43692891343248, 