{"episode_lengths": [200, 200, 200, 200, 200, 200, 200, 200, 200, 200, 200, 200, 200, 200, 200, 200, 200, 200, 200, 200, 200, 200, 200, 200, 200, 200, 200, 200, 200, 200, 200, 200, 200, 200, 200, 200, 200, 200, 200, 200, 200, 200, 200, 200, 200, 200, 200, 200, 200, 200, 200, 200, 200, 200, 200, 200, 200, 200, 200, 200, 200, 200, 200, 200, 200, 200, 200, 200, 200, 200, 200, 200, 200, 200, 200, 200, 200, 200, 200, 200, 200, 200, 200, 200, 200, 200, 200, 200, 200, 200, 200, 200, 200, 200, 200, 200, 200, 200, 200, 200, 200, 200, 200, 200, 200, 200, 200, 200, 200, 200, 200, 200, 200, 200, 200, 200, 200, 200, 200, 200, 200, 200, 200, 200, 200, 200, 200, 200, 200, 200, 200, 200, 200, 200, 200, 200, 200, 200, 200, 200, 200, 200, 200, 200, 200, 200, 200, 200, 200, 200, 200, 200, 200, 200, 200, 200, 200, 200, 200, 200, 200, 200, 200, 200, 200, 200, 200, 200, 200, 200, 200, 200, 200, 200, 200, 200, 200, 200, 200, 200, 200, 200, 200, 200, 200, 200, 200, 200, 200, 200, 200, 200, 200, 200, 200, 200, 200, 200, 200, 200, 200, 200, 200, 200, 200, 200, 200, 200, 200, 200, 200, 200, 200, 200, 200, 200, 200, 200, 200, 200, 200, 200, 200, 200, 200, 200, 200, 200, 200, 200, 200, 200, 200, 200, 200, 200, 200, 200, 200, 200, 200, 200, 200, 200, 200, 200, 200, 200, 200, 200, 200, 200, 200, 200, 200, 200, 200, 200, 200, 200, 200, 200, 200, 200, 200, 200, 200, 200, 200, 200, 200, 200, 200, 200, 200, 200, 200, 200, 200, 200, 200, 200, 200, 200, 200, 200, 200, 200, 200, 200, 200, 200, 200, 200, 200, 200, 200, 200, 200, 200, 200, 200, 200, 200, 200, 200, 200, 200, 200, 200, 200, 200], "episode_rewards": [-1082.8962184614131, -1230.8578833205656, -1102.0044187307803, -1241.083038338535, -1144.7538473466338, -1033.5375783740053, -974.3283913354195, -915.140457052965, -1059.9376879631654, -1315.256745067845, -1313.9722753084984, -899.082869437255, -951.250101108977, -983.9541038837333, -982.6252844859686, -1056.5040128118421, -1007.615074485583, -997.7717791587426, -882.7611151143951, -982.7995478778694, -1040.9414972534305, -1042.6246918469894, -898.2647155556256, -931.1927570591529, -951.3952304198359, -1132.8210253625537, -1250.5838188278776, -873.3493708517655, -1147.187675772221, -1045.8644859553392, -1145.9502519053674, -758.8429719916356, -851.7630986764173, -865.940767207258, -697.5711191757481, -703.1804415901275, -750.5243010210975, -746.6945982277465, -742.5382412813238, -743.4640784441198, -997.1801355648902, -983.5628611190476, -865.6567520372104, -744.4149731168478, -732.2490894051522, -719.8680467865034, -894.8775598973033, -626.811293518943, -935.6156458250362, -906.5487090499233, -861.8500483779937, -630.6242335585126, -903.3651100536005, -627.7108040627545, -501.1198069204971, -502.3417687072875, -498.974700591526, -617.1888575900514, -501.11294582828106, -750.4581396671189, -625.6516152478418, -627.5165920819692, -494.30755656735323, -380.4942189423948, -646.7686640035009, -640.8875530738521, -348.65298334082223, -378.92773751399, -490.1956870212644, -626.0672494665381, -376.8489128539798, -374.4733947378663, -255.65653337395403, -254.6210551280184, -374.4004849434237, -151.14314084535656, -421.7563778217386, -371.6765832125755, -244.97763704446166, -362.4471834699635, -2.586141924024707, -123.11549126903051, -483.86528880497906, -408.59267016721725, -361.5501487407147, -251.87208910126833, -121.33745389238356, -245.2283126171034, -125.45642190302262, -119.61276881246302, -122.9426937253501, -398.4806255925505, -2.3893630451910983, -247.2646019380406, -332.73963829095044, -124.40484817445521, -124.43268525882313, -118.76879342986093, -0.824760119715072, -123.09890418617817, -231.62812609690292, -2.0599540258202493, -355.3409450305213, -247.55089938305568, -1.6564568845445649, -0.8732512436761631, -358.5360652586397, -252.56995598573303, -2.091840128804152, -116.37129088514678, -128.6209920282651, -362.8298430694051, -2.1410176348719547, -1.2340159141841478, -243.34614113729597, -123.70380625981731, -249.61269101071755, -236.79972329631062, -475.7501560065434, -120.2368659883501, -253.74470707447392, -115.89143859858018, -123.21995430237584, -122.64253080256854, -120.0924771581423, -124.38634581777313, -255.88275616649213, -123.52375854957772, -118.10887618969976, -127.3268691862722, -123.75584814986321, -1.066165119304178, -123.98724369550736, -114.48502355650719, -126.94221826641318, -124.98989001339552, -274.64015520634337, -124.34535423004506, -127.08139424699489, -124.11315748041889, -117.96306463111546, -118.27451578571313, -123.307944225488, -122.95533400373014, -266.2330263107972, -118.36538879391, -122.1516096628634, -127.06357202987205, -121.29445849524801, -235.23792462117783, -239.95526409882368, -1.0678376910649892, -126.56489865357203, -127.78429614619083, -131.72908537194596, -125.70469027764746, -122.48889657544372, -121.9729720582324, -233.49920855734726, -244.81744804727066, -118.80049597060847, -3.5964912163721436, -118.75521139625612, -230.64363508556212, -121.47129813664417, -122.64164967487469, -243.87697208529616, -125.56764770740858, -244.80508579045159, -121.14345724188583, -125.02350393817166, -253.33827651272003, -122.56704188071105, -125.08770566580665, -362.8131097802741, -372.7123002653707, -122.90956610901199, -120.25540089805172, -230.10198711487502, -126.06097433610195, -125.955149271739, -119.69882202615534, -240.21711410089102, -122.10539264290038, -124.34444568559248, -122.31690244039599, -126.40805273071686, -124.88857232251043, -122.67920971267796, -234.46278861829285, -123.82650571087392, -122.35736259083478, -238.67920055378138, -326.6526425625159, -119.07176609116364, -389.70781679257817, -120.92510124049276, -1.5673028672272604, -238.09099235744463, -0.8362418384338982, -121.60064455920403, -122.37687645692559, -334.02619950131015, -259.4451793322655, -232.51860676685914, -1.6653328813280905, -120.86421019071256, -127.46800573267927, -120.92453277008126, -243.9638779616739, -249.9569691972239, -124.09295960438918, -242.06361367967025, -125.49578490054317, -398.7381234735536, -123.56558699734131, -126.30774171594682, -123.07588039541206, -236.95553286738237, -300.31485837457683, -127.45887833066065, -119.95922716528058, -2.885535267659329, -124.4901351911254, -251.04478986487288, -126.87115745381246, -116.53256934586965, -0.6517999589513305, -125.6156594450293, -122.90138732685644, -122.735444351076, -273.15773402602593, -277.8039991992264, -126.96797074731495, -248.48946966086098, -1.15985174280932, -240.5655387155195, -126.87110977659047, -1.6336119995846854, -117.96140441376541, -118.60570807806432, -243.3384594558523, -234.17904768372597, -344.4731737865313, -234.63049814203575, -334.0950644718656, -368.75803467748665, -0.55979807540526, -126.45009214676443, -0.7135524244294388, -244.16820382166952, -242.20802125375042, -411.36119701980306, -240.32254031908232, -119.23515842110672, -127.74558581379534, -122.41712774857496, -238.04453678328156, -117.21504557091521, -125.28773653652821, -116.84307307218897, -246.0091373626882, -114.02908276339024, -243.04939546542573, -121.41351440443687, -116.29657097766558, -241.67517420398886, -0.757311398959058, -356.4662345180872, -117.60949435138235, -123.34805850926523, -120.91035419212444, -118.44804836218783, -117.15541158357681, -0.5715781627504072, -116.6408060074959, -236.86236527991022, -0.7429041005545358, -353.2326333137037, -127.40862816785673, -116.96521960252166, -0.40608701167716077, -119.85774254733478, -119.4040790397676, -121.3902210061605, -118.04424136508601, -119.90399730204436, -123.81207341721714, -245.83307957170965, -239.5548970704964, -1.0034513603811976, -114.39568347944909, -124.01153095919062, -241.46820217634934, -125.90390759040395, -232.91820344689523, -121.41219874534711, -120.60628697573254, -236.7212888971044, -125.07133108124275, -122.07291198673163, -115.8754096085098, -238.57620523869753, -121.0894567819281, -125.48930115812104, -120.7445119750828, -117.21174242949508, -0.3584401248706135, -117.78053482677419, -116.89495510285025, 