{"episode_lengths": [200, 200, 200, 200, 200, 200, 200, 200, 200, 200, 200, 200, 200, 200, 200, 200, 200, 200, 200, 200, 200, 200, 200, 200, 200, 200, 200, 200, 200, 200, 200, 200, 200, 200, 200, 200, 200, 200, 200, 200, 200, 200, 200, 200, 200, 200, 200, 200, 200, 200, 200, 200, 200, 200, 200, 200, 200, 200, 200, 200, 200, 200, 200, 200, 200, 200, 200, 200, 200, 200, 200, 200, 200, 200, 200, 200, 200, 200, 200, 200, 200, 200, 200, 200, 200, 200, 200, 200, 200, 200, 200, 200, 200, 200, 200, 200, 200, 200, 200, 200, 200, 200, 200, 200, 200, 200, 200, 200, 200, 200, 200, 200, 200, 200, 200, 200, 200, 200, 200, 200, 200, 200, 200, 200, 200, 200, 200, 200, 200, 200, 200, 200, 200, 200, 200, 200, 200, 200, 200, 200, 200, 200, 200, 200, 200, 200, 200, 200, 200, 200, 200, 200, 200, 200, 200, 200, 200, 200, 200, 200, 200, 200, 200, 200, 200, 200, 200, 200, 200, 200, 200, 200, 200, 200, 200, 200, 200, 200, 200, 200, 200, 200, 200, 200, 200, 200, 200, 200, 200, 200, 200, 200, 200, 200, 200, 200, 200, 200, 200, 200, 200, 200, 200, 200, 200, 200, 200, 200, 200, 200, 200, 200, 200, 200, 200, 200, 200, 200, 200, 200, 200, 200, 200, 200, 200, 200, 200, 200, 200, 200, 200, 200, 200, 200, 200, 200, 200, 200, 200, 200, 200, 200, 200, 200, 200, 200, 200, 200, 200, 200, 200, 200, 200, 200, 200, 200, 200, 200, 200, 200, 200, 200, 200, 200, 200, 200, 200, 200, 200, 200, 200, 200, 200, 200, 200, 200, 200, 200, 200, 200, 200, 200, 200, 200, 200, 200, 200, 200, 200, 200, 200, 200, 200, 200, 200, 200, 200, 200, 200, 200, 200, 200, 200, 200, 200, 200, 200, 200, 200, 200, 200, 200], "episode_rewards": [-1303.4225176996808, -1124.210315235558, -1816.0242437846046, -1309.8296872360047, -1092.0270207349306, -1299.8057952727765, -1026.5875550586277, -930.6148856791601, -1090.9798185211116, -978.8765955081036, -1325.9383830465279, -859.7175349052948, -1339.5509869016455, -1376.004307339513, -828.3909954492542, -893.8895874811993, -1032.681303104268, -1030.8395805988266, -978.7840018924499, -1455.4753309077078, -1315.7973964985156, -904.9924572498135, -862.637465378501, -755.4485935703493, -864.2092839685766, -1073.9034211578164, -1018.3894672888827, -987.880313928336, -946.4000866545834, -746.2121066027701, -748.1120685581384, -982.0521047848576, -864.8200404159867, -852.6588770740191, -758.2158096483782, -865.5117665820342, -642.3641260954857, -1088.362734137169, -975.2739871052104, -1131.0931030993333, -848.360931294747, -628.9732904900085, -751.6495201930389, -606.2120737585428, -628.489641477145, -739.2983652344733, -859.6517936258808, -676.6442100353922, -504.2354054709117, -858.0813466183032, -896.5938979914373, -627.8360757982771, -745.1459349272286, -747.085592453453, -694.4442844250375, -622.3424059932381, -377.880685681941, -846.265468288611, -499.0678723908466, -797.803139425486, -378.22892591100845, -505.19956613168625, -498.26493800571603, -726.6897944449089, -501.2003609316553, -621.6940004428359, -460.14392574973334, -630.6224144884511, -253.8589733703471, -493.2392785827263, -295.4752542439709, -489.45104143919, -331.5212413332387, -381.7347939611015, -374.476809321939, -489.7271361270934, -235.47942347442097, -498.6050023473066, -373.33153831125037, -375.0425183026901, -121.32719797476597, -1.219552819112774, -382.1996729342766, -127.64978332957752, -2.4793415299459487, -247.350837503368, -242.68695490161937, -246.3889645832077, -361.1302762165623, -243.93144109546256, -382.24683578387527, -125.78019945559059, -239.75399377905558, -129.076629716087, -267.9981274128046, -123.27914266647673, -249.27563902569412, -2.0660313270843607, -118.47436025357976, -362.3284875785484, -241.9794684669233, -122.59065248886273, -126.04270043097515, -332.87083223775534, -241.54504453810185, -232.51577329984326, -1.1158239673251382, -252.28382634032164, -371.71284880431205, -1.7576059433952138, -357.32488314174793, -120.44405146576585, -1.4951621769951449, -121.20299640950955, -122.05552475825928, -229.3381145301062, -127.51035474570604, -125.68497685975849, -246.913541416578, -256.51482532646565, -122.4778516149812, -122.14817279213082, -234.0915929741709, -0.797187999834793, -360.4589039448508, -124.73833036914296, -242.73616023294707, -124.53300235025327, -127.30123744595747, -2.0368758123160693, -116.84931413168978, -248.0977475580171, -251.39511678609193, -246.33793122747187, -0.869302665435427, -122.31677232585558, -1.993345901196806, -1.6397170893625446, -122.58313464082957, -124.73715982260535, -118.31673849369578, -1.6849653315816964, -241.56322484842133, -126.13871297027892, -125.31554953781676, -0.9393846256152213, -125.29759759449864, -120.2503264097739, -117.27858701256558, -116.10837126209161, -117.81425215077765, -1.2207658145960423, -126.6880193814525, -301.58357981686606, -266.86748762871963, -259.8150520194426, -125.98614046597558, -128.08014911132267, -126.53169766440917, -117.06987502858831, -233.82616391346443, -120.89188056802759, -1.408629048280791, -117.81646887764352, -124.94061268752155, -230.07309552695656, -243.81889768655407, -385.34469992055057, -126.13086522518572, -0.9889129876634823, -118.29039010117562, -125.58283342876581, -128.46909124673846, -1.1726575416745495, -0.5431066381506126, -240.81697762275098, -122.45798095800109, -117.7275687356047, -123.8320159226686, -335.6364376040115, -226.97312025140553, -123.6835503858002, -123.03458272982041, -238.35871485053067, -119.50997969623035, -127.21123020365012, -0.7402943290637716, -0.8121414251214517, -125.10633067736062, -351.1385658135695, -115.12584513640427, -0.8932951375719229, -233.24181613873856, -246.8639191306125, -0.8822875479567464, -257.3262249332936, -120.01602544948683, -251.93944049055088, -123.72764418505606, -115.38344674229603, -125.26159344703473, -125.95113648401876, -1.1213380729173155, -125.22558600167619, -123.94816381065033, -2.7171589333561825, -1.6601581956203333, -116.22224120357107, -124.96204300909307, -0.6428650742175733, -235.4079822186198, -126.14008195266472, -253.5264522112738, -120.92432606753313, -114.7188787534623, -116.47849286658978, -227.89707477569556, -231.49650989370562, -246.13472447454166, -127.69040525538533, -122.2684485014933, -256.26801270769636, -242.58703781234863, -119.8528993780124, -126.08207364877998, -122.2933689088894, -2.1602004398242194, -244.55051089108676, -123.50310977630559, -1.7182246860355852, -117.11629327906941, -123.19515755672371, -125.69365029586096, -241.94732445805337, -125.94220543210312, -1.612229175570754, -124.60850598650109, -126.90029147840772, -120.3077514548224, -0.8226556495137314, -240.1978616895694, -120.26554004469641, -241.34048828943025, -260.53461426202193, -126.28521980255924, -240.02816901954915, -118.6921871180575, -113.45715426333446, -238.1599226233227, -235.22963449435292, -0.9461697137917562, -114.62354583045635, -124.76539992627212, -1.8124755146395566, -128.3904987656823, -230.9492756923803, -124.32435736712598, -127.58980888942047, -121.58247471004695, -229.54448864520594, -226.34796497928753, -0.9189630609592297, -122.9305058413759, -125.60386785633607, -125.68960314193605, -121.83659115126983, -119.91851435147244, -234.98970381140376, -121.79686917791608, -1.8211713947625778, -119.39920937326838, -246.1954761523612, -121.13829137825833, -122.87510206483982, -116.38652137618777, -232.7311672954461, -1.8295300984877043, -119.83763498024334, -116.5757693223052, -1.4610004503137834, -121.36146342373993, -125.1151386860484, -2.1142709202018457, -116.32281181381191, -115.36627145924321, -113.91532344912073, -306.9957932882466, -123.17217283230518, -238.74899284806517, -244.33362082600084, -116.42417899956185, -227.67646352850548, -126.07776316659378, -236.2551387107209, -273.39483473280615, -120.48413797580615, -117.85638308110109, -115.59847186983998, -115.66227170706502, -246.78004529551177, -123.65341885870593, -1.7981522435959052, -125.04345908116747, -1.5766255297493057, -231.59007046424662, -122.20847556201288, -120.53136079849972, -122.10063052110537, -388.7038491019958, -119.18221738184073, 