{"episode_lengths": [200, 200, 200, 200, 200, 200, 200, 200, 200, 200, 200, 200, 200, 200, 200, 200, 200, 200, 200, 200, 200, 200, 200, 200, 200, 200, 200, 200, 200, 200, 200, 200, 200, 200, 200, 200, 200, 200, 200, 200, 200, 200, 200, 200, 200, 200, 200, 200, 200, 200, 200, 200, 200, 200, 200, 200, 200, 200, 200, 200, 200, 200, 200, 200, 200, 200, 200, 200, 200, 200, 200, 200, 200, 200, 200, 200, 200, 200, 200, 200, 200, 200, 200, 200, 200, 200, 200, 200, 200, 200, 200, 200, 200, 200, 200, 200, 200, 200, 200, 200, 200, 200, 200, 200, 200, 200, 200, 200, 200, 200, 200, 200, 200, 200, 200, 200, 200, 200, 200, 200, 200, 200, 200, 200, 200, 200, 200, 200, 200, 200, 200, 200, 200, 200, 200, 200, 200, 200, 200, 200, 200, 200, 200, 200, 200, 200, 200, 200, 200, 200, 200, 200, 200, 200, 200, 200, 200, 200, 200, 200, 200, 200, 200, 200, 200, 200, 200, 200, 200, 200, 200, 200, 200, 200, 200, 200, 200, 200, 200, 200, 200, 200, 200, 200, 200, 200, 200, 200, 200, 200, 200, 200, 200, 200, 200, 200, 200, 200, 200, 200, 200, 200, 200, 200, 200, 200, 200, 200, 200, 200, 200, 200, 200, 200, 200, 200, 200, 200, 200, 200, 200, 200, 200, 200, 200, 200, 200, 200, 200, 200, 200, 200, 200, 200, 200, 200, 200, 200, 200, 200, 200, 200, 200, 200, 200, 200, 200, 200, 200, 200, 200, 200, 200, 200, 200, 200, 200, 200, 200, 200, 200, 200, 200, 200, 200, 200, 200, 200, 200, 200, 200, 200, 200, 200, 200, 200, 200, 200, 200, 200, 200, 200, 200, 200, 200, 200, 200, 200, 200, 200, 200, 200, 200, 200, 200, 200, 200, 200, 200, 200, 200, 200, 200, 200, 200, 200, 200, 200, 200, 200, 200, 200], "episode_rewards": [-992.9753463966455, -1043.5677585180142, -1087.4962448428278, -1044.8409654248146, -1150.740891917079, -1451.5906549245185, -992.5470338029237, -1460.062020112077, -1037.9720931790905, -1211.4538322123324, -1291.2859007487912, -893.4104415223447, -1082.363145594888, -974.0950444748995, -1308.9636923271407, -1079.4755018246667, -889.386450822114, -899.3784404269181, -1071.8932608047137, -1178.481536412302, -900.5734147888514, -884.6909068227935, -875.6210307556807, -1394.2983038731104, -992.2244921643832, -975.8577079989429, -889.5891335492781, -1009.9555104791355, -701.8305357667222, -743.098014575071, -983.0347084267144, -1222.5039686266416, -877.0093914674034, -804.630150813726, -749.8663923561444, -743.3657034388835, -631.7091773470805, -853.4480664083306, -1060.0720657799588, -1011.0270208912375, -986.987997441654, -901.4368341268437, -833.3693007220376, -749.8219303747412, -855.2466321731218, -623.794446362795, -961.6059296121035, -813.2492286140244, -639.3243322798759, -811.7996076919468, -853.9696091453993, -876.8010127526928, -874.544525841975, -736.299309874315, -744.9931470912644, -499.2870599451599, -377.87505530928553, -611.2424842260401, -502.65848612820184, -797.8246887293607, -612.6909786784983, -663.2770283472081, -609.02189769862, -378.10747027335697, -609.7207476205568, -503.34591825342534, -496.309192479156, -359.26556417519805, -376.39400829652465, -498.1594108194148, -635.3648545414868, -501.34255741682637, -489.2042206130093, -220.2760852536598, -377.45117399502357, -369.3905768953668, -125.57066045220841, -249.2139888085627, -513.7908262100497, -613.0183059703807, -127.34967421749596, -246.98379655357917, -585.9666581561015, -364.67811034246927, -124.01319528268111, -416.95944877983476, -123.55245789790938, -120.29473695817154, -248.20718061050792, -123.5429038702734, -127.84428607251805, -127.18561707089887, -124.36295299799582, -347.66041170539336, -248.02254218793595, -257.2406681098369, -119.16717996649754, -352.1186774111093, -376.5454331240527, -121.82518298636516, -270.17761224282816, -1.3563922061241303, -233.93802078775505, -239.33722889227877, -123.55115246630068, -236.53790432112942, -127.00457987791061, -1.795210913106001, -247.3058678721805, -122.18307149560363, -121.1054367572726, -125.72464046587403, -122.81719559517325, -237.91921472987033, -237.32457908179535, -369.11211954437005, -115.18534894105412, -343.0776566387269, -1.4015125824681802, -302.850450767031, -119.87186433881703, -2.150059023419161, -126.15156910285245, -122.22010471801414, -243.24408277600276, -121.64267241621877, -242.5668022311788, -126.40348139197245, -124.0413497925126, -239.0566638252831, -127.51755641965573, -131.33221844305967, -125.4924628353224, -123.4610760184632, -121.61478182513915, -116.925515731286, -114.37505254356041, -236.13512620308057, -117.34607917985218, -229.3388580644491, -119.20669967940516, -120.67411104240405, -123.07566940953974, -362.78413510477196, -335.70061523382157, -119.24864667691548, -0.9618308527526341, -240.57997462029837, -238.49295253690622, -124.64911065196888, -235.4837292422993, -339.6971474458063, -1.5655463854838862, -129.80707826540544, -232.56840130962271, -6.547293194081203, -115.9102285094753, -1.0548557352275005, -116.1253695527762, -373.3356059328937, -264.1316922159056, -126.6679650779008, -123.63520006955251, -121.31847357434532, -250.11331030979, -232.82587400691042, -127.57037377166058, -122.99163130753767, -346.13841500449996, -119.1106398462904, -123.45907937411918, -233.17446683009655, -121.94076693873477, -121.04206173644819, -245.52064592013647, -123.86366498563363, -116.5693193888324, -114.58347458015072, -315.3345657942999, -241.0352072472743, -262.48189341303134, -2.2948762825547453, -124.7774356205664, -1.3029173334282373, -118.7919019993345, -340.67477885095803, -0.7697154496555424, -121.22067309459997, -122.66928267244961, -115.62806080219781, -118.73839381505803, -125.3133115604281, -117.83355319721512, -125.53953284884642, -124.07949369130921, -123.72900506182901, -324.35726568608266, -116.97926120112879, -124.99997124538893, -252.67289492150752, -232.54661759364052, -236.9734694721831, -236.59754171918632, -240.8480494057584, -116.12123907926814, -120.1947795098957, -121.03467157524429, -123.88540926585846, -231.59133427127674, -117.17214449980385, -1.6152610405156582, -115.57070040770004, -349.42030007328515, -114.60033252397584, -123.09911770124536, -0.7202923409035583, -229.08511045996298, -257.96894031617774, -124.9672834783073, -123.42716193148313, -122.5594479057649, -120.26230434811056, -117.33357928554803, -1.005316430060346, -255.04222222576283, -117.3596899142833, -237.80454758216024, -241.56438720544318, -358.86810239564727, -374.84044267224635, -0.44381757516529, -1.2943055186481995, -413.7916411657317, -123.80806936631072, -120.59683707762879, -124.7631045699451, -0.5304203018432366, -120.01052930107922, -121.45134877585004, -124.38698658723264, -240.51322548290293, -122.5432815932826, -124.64788755538603, -1.6953944353981758, -126.12129339409512, -117.21571323869232, -0.7718684624469798, -278.23321337704317, -1.4733464631398085, -116.03125644897011, -122.1905843030617, -237.05566587981494, -336.00466624432005, -253.2141120347984, -237.32786826622302, -119.3348313705012, -357.5298760573597, -125.09318675827538, -120.17551845802339, -231.37980478765996, -243.4210506098328, -120.78261433057185, -246.1443180984909, -253.84092293705916, -245.80905564372227, -114.70735226809906, -233.70589027116344, -233.86275819273123, -125.52976828467763, -270.1132174896443, -248.80894642910755, -237.79401973059979, -366.5457031574978, -227.16300310564557, -123.06920155045034, -239.66637821389529, -0.7767441768788026, -123.79601172202219, -116.02424739638279, -118.42346602845353, -126.4339120829675, -271.02054909153645, -233.05761778154778, -120.42519686188643, -127.01847454166166, -122.63804265852123, -120.63269145755605, -118.84020084367133, -261.4400760839314, -118.49251642161103, -113.62051458244115, -124.07057609318046, -359.1315519519767, -240.32510860118413, -127.70907417543374, -118.46119456142813, -116.59750331773725, -117.8874494160922, -127.72314839616871, -245.86677149250897, -121.9984110843483, -233.63497498254836, -4.572802793664296, -122.90813453646868, -232.84777714916314, -288.59692989411553, -0.46630965904262134, -118.74889024553892, -0.3608516256969396, -126.35455398412928, 