{"episode_lengths": [200, 200, 200, 200, 200, 200, 200, 200, 200, 200, 200, 200, 200, 200, 200, 200, 200, 200, 200, 200, 200, 200, 200, 200, 200, 200, 200, 200, 200, 200, 200, 200, 200, 200, 200, 200, 200, 200, 200, 200, 200, 200, 200, 200, 200, 200, 200, 200, 200, 200, 200, 200, 200, 200, 200, 200, 200, 200, 200, 200, 200, 200, 200, 200, 200, 200, 200, 200, 200, 200, 200, 200, 200, 200, 200, 200, 200, 200, 200, 200, 200, 200, 200, 200, 200, 200, 200, 200, 200, 200, 200, 200, 200, 200, 200, 200, 200, 200, 200, 200, 200, 200, 200, 200, 200, 200, 200, 200, 200, 200, 200, 200, 200, 200, 200, 200, 200, 200, 200, 200, 200, 200, 200, 200, 200, 200, 200, 200, 200, 200, 200, 200, 200, 200, 200, 200, 200, 200, 200, 200, 200, 200, 200, 200, 200, 200, 200, 200, 200, 200, 200, 200, 200, 200, 200, 200, 200, 200, 200, 200, 200, 200, 200, 200, 200, 200, 200, 200, 200, 200, 200, 200, 200, 200, 200, 200, 200, 200, 200, 200, 200, 200, 200, 200, 200, 200, 200, 200, 200, 200, 200, 200, 200, 200, 200, 200, 200, 200, 200, 200, 200, 200, 200, 200, 200, 200, 200, 200, 200, 200, 200, 200, 200, 200, 200, 200, 200, 200, 200, 200, 200, 200, 200, 200, 200, 200, 200, 200, 200, 200, 200, 200, 200, 200, 200, 200, 200, 200, 200, 200, 200, 200, 200, 200, 200, 200, 200, 200, 200, 200, 200, 200, 200, 200, 200, 200, 200, 200, 200, 200, 200, 200, 200, 200, 200, 200, 200, 200, 200, 200, 200, 200, 200, 200, 200, 200, 200, 200, 200, 200, 200, 200, 200, 200, 200, 200, 200, 200, 200, 200, 200, 200, 200, 200, 200, 200, 200, 200, 200, 200, 200, 200, 200, 200, 200, 200, 200, 200, 200, 200, 200, 200], "episode_rewards": [-988.0356226843918, -877.8483423993032, -1152.250953916483, -1012.291794811635, -1036.8917612104058, -1568.8716582288866, -977.850189935795, -1103.9112100318594, -1218.5917110468592, -1478.5718009344412, -1401.559230822847, -1079.0618993659125, -1019.8061515262701, -892.826419371333, -1452.499564006598, -875.6835879385466, -859.7645569877085, -1286.9318501595553, -920.0653521715075, -1045.2885422986112, -940.1444621838541, -962.9149516550606, -862.3286990431424, -994.4467894687056, -1095.2061760098793, -1004.055227342543, -1204.6352817020022, -784.2674244507417, -743.0174907324307, -1141.7292564353315, -877.45729569395, -1059.5701323434935, -951.1418337889198, -756.8873086605255, -871.8764688714559, -622.3769787622618, -855.4957180127508, -972.8321281802902, -730.8201463725276, -743.9171250019566, -750.2252344926554, -1089.684856426911, -802.3644440869106, -772.8159045382611, -629.5005218098873, -755.7399937443006, -917.1667153253167, -738.461331751435, -627.9462557978025, -989.8279473391261, -744.0708634931084, -862.8721986026212, -628.5661723101646, -505.12115879199587, -746.5265358298385, -619.8990256673237, -764.8604127638972, -497.7997408487034, -496.8822984143537, -504.43415158046815, -509.92296800564776, -585.7443667312826, -501.3258336661926, -738.2383236414169, -378.9730902962892, -377.1413449292723, -498.7638499311586, -505.31214367269337, -812.8727303872412, -651.4717369028097, -253.2536962590751, -503.3727392730101, -380.08930508459906, -252.53794775896904, -374.9512926689559, -428.0954233145556, -1.6500397792105193, -665.5038496178429, -1.5582467502707857, -127.02044567616258, -1.9740391926416019, -127.19217444047885, -126.8807147634563, -130.82173367325004, -388.3286503509056, -242.77772131538046, -127.59766773353654, -121.57554626233075, -121.3804223990656, -120.74686797672165, -241.78219148395118, -122.79388397890199, -235.6252207031812, -122.37760421789615, -122.04208210764645, -380.76126420049076, -129.63390031795183, -247.31233489124645, -117.61631113536401, -116.87392577100931, -3.257761236547657, -237.5484004708142, -352.64858462640746, -120.50506462076795, -252.1056641003378, -1.4977758607496001, -2.354088157437143, -123.44181278190652, -121.86664145255807, -2.8228695811968354, -242.02243049511895, -241.58863155988445, -123.65471178884722, -250.29953318843098, -126.70113504679136, -119.41577424751628, -378.7277813013243, -121.75464648788697, -329.4496573424586, -116.19547045315387, -244.88500000070317, -257.21505800779624, -242.4125897893419, -124.80537843818, -242.08742185087354, -3.3888405905118213, -118.80974451885781, -360.5531339449084, -123.79727852897715, -127.37219163514555, -122.3425716119307, -115.98768833728485, -118.38183807226534, -236.64302934511568, -2.061769998197107, -258.61392005341486, -125.27440535655273, -231.2607522031002, -117.07068457292752, -120.77403896855766, -125.56785165856014, -228.97260835148288, -298.30048983546953, -232.76775382200964, -431.96648360718785, -124.89723274947349, -266.61562380305554, -125.73739380947241, -125.85711517868324, -119.86637399024035, -123.3235637283401, -0.858933110631728, -247.14963834422204, -117.32291672947659, -244.10674204904308, -256.25826237067696, -358.1328320578824, -130.8091463541831, -122.52268868689468, -123.2709427982203, -233.8113233952891, -121.28049788017665, -123.70917913114788, -1.6958695196770415, -249.007592114587, -123.21234336990818, -125.45835436142038, -119.0798041857686, -235.0937917977045, -125.62488657758772, -231.75062187590518, -121.09393772259781, -242.7927752464054, -229.96526315851233, -246.48604651459743, -124.0638992841964, -124.7159164074342, -127.10715521395323, -121.83126135963546, -318.1962037510934, -116.73958924701545, -2.4189589687767765, -125.3401993863612, -404.56691680351537, -127.16708733345702, -124.31135167503562, -119.33044837970353, -0.8834212629982136, -127.86367739848201, -115.59518315593583, -2.645554680667193, -231.74715545872328, -119.52601232556972, -238.92997236064394, -2.321945971166297, -235.90713626215154, -3.670409624218844, -2.331586134606405, -115.51949468226641, -122.76984380975755, -235.977395808039, -223.65997367424256, -327.77278217932235, -240.8459718168508, -118.04582290524466, -228.8623258070348, -123.4569863585259, -2.768127865690629, -253.8767618208522, -125.36374971213871, -251.87746472076606, -116.39512799519366, -259.22714049048955, -121.68859524294537, -126.67278546543619, -224.30159639046178, -0.687617702608007, -113.81290477889227, -127.83563217515685, -235.12597883584644, -121.95835060784697, -121.14234558099864, -119.89594893398616, -123.1239022926018, -227.09584801741218, -124.49158434624138, -234.26978958101736, -237.61687397616822, -243.42154661153418, -228.01899675564968, -118.82617745189697, -1.1202338315586187, -1.169654838524885, -232.07999789250042, -353.33248622995194, -352.6002517592004, -0.6906815050164239, -231.27056228977273, -125.3870930623285, -247.28911702561442, -123.11757655397659, -122.05345695326872, -254.22699790898267, -117.4446202332894, -0.7372226042145552, -231.46738748545738, -117.48320430858298, -247.49919679070877, -114.49403276453212, -236.256068000831, -120.31639603396044, -233.43287035584603, -3.1377661728783117, -121.34179282763267, -0.571142540123893, -120.66140985183246, -247.31240895211832, -121.41510463571495, -248.81286237123825, -230.10207392604613, -1.2100675663165443, -232.92732606005177, -366.2240989913135, -123.50044985100342, -240.17471921113534, -127.04529136802586, -122.07320015961416, -231.11491578261268, -242.83003934768348, -121.09802727976336, -123.30683040606365, -125.88275072596959, -122.3580592566113, -246.54585610627151, -312.2082157296574, -129.65383844980758, -0.6459585187482692, -254.96089630896813, -118.88911769368758, -118.83317874515697, -126.53896394818207, -242.3991824834527, -230.11384931784386, -119.34998772777179, -114.99228466888006, -126.21307480839967, -125.96053437808139, -119.21356363426736, -127.60058439974863, -125.24027255357682, -251.11093657240338, -115.69856595156615, -123.99326944984567, -126.92009373821979, -121.32003729558618, -123.13705970918079, -344.85180727279175, -126.1901233025533, -114.2398736435934, -126.74093967742823, -236.38564783473242, -1.8875840667980461, -127.53706532954207, -126.92585778705691, -313.76245805956034, -127.8862293820419, -121.65028107450483, -242.9766266939063, -122.67559341724734, -122.51073274408829, 