{"episode_lengths": [200, 200, 200, 200, 200, 200, 200, 200, 200, 200, 200, 200, 200, 200, 200, 200, 200, 200, 200, 200, 200, 200, 200, 200, 200, 200, 200, 200, 200, 200, 200, 200, 200, 200, 200, 200, 200, 200, 200, 200, 200, 200, 200, 200, 200, 200, 200, 200, 200, 200, 200, 200, 200, 200, 200, 200, 200, 200, 200, 200, 200, 200, 200, 200, 200, 200, 200, 200, 200, 200, 200, 200, 200, 200, 200, 200, 200, 200, 200, 200, 200, 200, 200, 200, 200, 200, 200, 200, 200, 200, 200, 200, 200, 200, 200, 200, 200, 200, 200, 200, 200, 200, 200, 200, 200, 200, 200, 200, 200, 200, 200, 200, 200, 200, 200, 200, 200, 200, 200, 200, 200, 200, 200, 200, 200, 200, 200, 200, 200, 200, 200, 200, 200, 200, 200, 200, 200, 200, 200, 200, 200, 200, 200, 200, 200, 200, 200, 200, 200, 200, 200, 200, 200, 200, 200, 200, 200, 200, 200, 200, 200, 200, 200, 200, 200, 200, 200, 200, 200, 200, 200, 200, 200, 200, 200, 200, 200, 200, 200, 200, 200, 200, 200, 200, 200, 200, 200, 200, 200, 200, 200, 200, 200, 200, 200, 200, 200, 200, 200, 200, 200, 200, 200, 200, 200, 200, 200, 200, 200, 200, 200, 200, 200, 200, 200, 200, 200, 200, 200, 200, 200, 200, 200, 200, 200, 200, 200, 200, 200, 200, 200, 200, 200, 200, 200, 200, 200, 200, 200, 200, 200, 200, 200, 200, 200, 200, 200, 200, 200, 200, 200, 200, 200, 200, 200, 200, 200, 200, 200, 200, 200, 200, 200, 200, 200, 200, 200, 200, 200, 200, 200, 200, 200, 200, 200, 200, 200, 200, 200, 200, 200, 200, 200, 200, 200, 200, 200, 200, 200, 200, 200, 200, 200, 200, 200, 200, 200, 200, 200, 200, 200, 200, 200, 200, 200, 200, 200, 200, 200, 200, 200, 200], "episode_rewards": [-863.2071253026176, -1688.8698059213787, -1154.9866917454783, -1619.7937729234043, -1245.8746349769954, -1573.197933125915, -889.242448069627, -1595.467808112324, -1131.4276205136505, -1312.2761839652028, -1641.8900818378393, -1068.8966700187834, -1441.2071085539224, -894.3618449393497, -877.3760951396046, -993.2910436748236, -1084.3259910969832, -924.663864195672, -983.0161716594853, -1023.8864344534862, -1110.7939493090496, -1386.2769121331826, -1107.0318640640326, -1102.7498668698292, -977.3176728472893, -1092.9810752295564, -1228.4305056740523, -835.645902425241, -993.042313655947, -993.4385179507914, -862.0944313405118, -1035.8533654853868, -799.4711003137721, -1316.0667473551082, -872.9923913899769, -777.2466995933656, -1107.2605156304592, -1041.9679243542578, -631.2609559497382, -1164.3041670325615, -876.1165257134925, -1018.3918723909229, -859.0015673110894, -980.708307035432, -804.600238525815, -892.3398680320829, -998.6930092945413, -626.5133531496824, -618.0214689113345, -634.1240989719887, -815.4256696141098, -852.9538613108109, -638.9054522231585, -542.3654578168661, -606.5352646017072, -891.6615327172943, -499.9481902754312, -778.7674164725404, -891.6547382618699, -500.216490273903, -377.0285926329836, -506.5109824842499, -502.0674990098502, -490.54133693588284, -496.96581668244266, -378.18331632851266, -506.74926919835303, -367.9675799219212, -378.4766074001722, -371.12704625770556, -506.45795564366864, -495.5423429795694, -626.9807975914589, -372.07117473192216, -579.9431733377604, -383.09743022389557, -238.38321550834678, -363.21077924099137, -125.6961110197651, -1.7886755723429446, -122.65950025172438, -359.5475820116272, -125.69378366803883, -555.1481776006624, -124.8107471949919, -3.6861715407134485, -244.02064800207674, -124.50363387564455, -125.81820766943257, -124.20722906602462, -251.26106991635376, -117.36733723372618, -117.91635298823715, -244.62244996429948, -239.23766140434532, -381.6457234103588, -266.832360771967, -499.5402473888164, -121.9930421085848, -123.51574101642443, -234.98825417976664, -116.47186170727579, -129.01625605527275, -242.55236065633463, -344.9590999806413, -390.9257100898053, -127.37209083903342, -122.31898863677145, -117.92212180018393, -1.0902167405148504, -2.394193247794277, -1.5306092323815403, -248.02233379860544, -258.30966678343435, -121.89664692814947, -236.97673380472384, -123.6588387779973, -365.7652272362694, -376.8321256376314, -123.83025155349718, -116.9303231748644, -120.04936449097939, -252.2841651216802, -129.0330788336085, -1.1505406899611315, -125.79977398934305, -122.84622500453762, -126.35114465874136, -237.333685984367, -366.435078290457, -121.32456266737803, -115.84778252315913, -118.30840732304056, -125.0577753591024, -242.4497278260549, -125.17801855834742, -1.349106276287451, -235.43725163768775, -236.6996512659925, -253.51362069872553, -250.34045140251504, -124.98346385696132, -254.2498922933495, -360.1827577830876, -117.36829304596836, -126.45350274999313, -0.9333891502165658, -1.4610990723328214, -120.79685211640135, -119.81222528469068, -0.950433634605539, -122.98830208238324, -125.58539181850398, -122.88092632765287, -131.16707806645127, -129.2023010904371, -116.805015298233, -1.0898890994572168, -234.26806500329275, -117.87572810031172, -253.27791362111748, -120.14679689145294, -123.02263788317669, -4.0563002473240015, -115.71603784463677, -238.6072759639459, -125.50495246754207, -240.38576094308542, -117.3695151614857, -0.9485888816354716, -116.55007196595453, -115.46587355614781, -125.84020302580855, -117.2750652369609, -381.0229432773719, -119.93752947316666, -246.40935381319153, -0.9858272409687355, -117.21751829177704, -6.667268326358042, -125.2518974273803, -115.14992948710514, -125.07292237918706, -1.9917788627236244, -2.298754453552731, -121.51445219419487, -132.4126038525554, -240.12997515865237, -235.713072973478, -241.47331165190337, -122.16590232924298, -325.06830949151333, -0.8234886661902744, -121.64935910059066, -120.9675973341646, -118.94919656496663, -0.8215033048174891, -235.82406721986175, -225.56539108578227, -118.7661898288511, -0.7706154147366361, -116.6611830673446, -249.30129981230525, -0.767373466794635, -124.28610304128527, -376.8185810191151, -123.88244501085556, -2.7751279702440734, -124.33264623346483, -122.27742017013284, -241.02747851670338, -235.9831827498915, -123.22976410423081, -117.4504646493875, -120.80037078705955, -2.3753528840204843, -116.83786608509847, -116.45451291458183, -348.4351992123398, -120.28009455570492, -283.0962224653837, -116.56695863259921, -115.06524696592138, -0.6143495113647881, -246.22200145513781, -123.00025834969667, -237.3900295711015, -352.897023109469, -0.9223478243226718, -250.7047215254155, -116.61660105769158, -120.34922496954661, -116.7666778446064, -245.5993730836175, -236.6813902952432, -122.35953054545628, -114.81257234278878, -116.9167488518841, -119.87365687093316, -125.15957246327656, -242.01970807699357, -252.65682853123263, -117.16279337009931, -0.8700667624212941, -121.86432738523422, -327.2321569685185, -123.58391754963901, -116.57981452935215, -237.7859240728986, -126.70579057845154, -117.9432672052891, -247.63980003610473, -120.56959586357479, -231.22431393081928, -237.68393567279742, -114.93277797305153, -119.98079712403464, -117.92936504834195, -119.5197459702068, -3.025246775493163, -125.93037386757042, -124.69167641258409, -118.88865609492662, -2.273233830607808, -345.02017709545146, -124.92861384556718, -120.91745587307176, -1.8827009475099743, -127.13728328870842, -326.7713858327387, -231.69475345527218, -121.26351834248389, -237.61329459858106, -121.45573438770127, -122.35035932824773, -117.47550013240195, -117.75205974685676, -122.71932587546212, -250.5313143946164, -346.52242579393544, -120.97318557222611, -1.0639066622896856, -123.09161976421657, -0.45556469331768057, -118.88409514169282, -114.1387239802854, -119.03934024180602, -231.41132187813014, -128.66619403528495, -0.7469969623581176, -122.88754171369278, -123.35409639658153, -118.88338072918559, -123.20489491711783, -124.3096459197891, -124.53657172667826, -254.79257709947362, -241.2718056724004, -120.46594894719047, -1.7014445857849778, -250.36309167451248, -123.46639055290382, -125.14339407025467, -120.15813118794762, -0.9483729134964654, -235.70737979302936, -117.97717478436529, -231.39479404489012, -243.88022622804402, -120.94865660847351, 