{"episode_lengths": [200, 200, 200, 200, 200, 200, 200, 200, 200, 200, 200, 200, 200, 200, 200, 200, 200, 200, 200, 200, 200, 200, 200, 200, 200, 200, 200, 200, 200, 200, 200, 200, 200, 200, 200, 200, 200, 200, 200, 200, 200, 200, 200, 200, 200, 200, 200, 200, 200, 200, 200, 200, 200, 200, 200, 200, 200, 200, 200, 200, 200, 200, 200, 200, 200, 200, 200, 200, 200, 200, 200, 200, 200, 200, 200, 200, 200, 200, 200, 200, 200, 200, 200, 200, 200, 200, 200, 200, 200, 200, 200, 200, 200, 200, 200, 200, 200, 200, 200, 200, 200, 200, 200, 200, 200, 200, 200, 200, 200, 200, 200, 200, 200, 200, 200, 200, 200, 200, 200, 200, 200, 200, 200, 200, 200, 200, 200, 200, 200, 200, 200, 200, 200, 200, 200, 200, 200, 200, 200, 200, 200, 200, 200, 200, 200, 200, 200, 200, 200, 200, 200, 200, 200, 200, 200, 200, 200, 200, 200, 200, 200, 200, 200, 200, 200, 200, 200, 200, 200, 200, 200, 200, 200, 200, 200, 200, 200, 200, 200, 200, 200, 200, 200, 200, 200, 200, 200, 200, 200, 200, 200, 200, 200, 200, 200, 200, 200, 200, 200, 200, 200, 200, 200, 200, 200, 200, 200, 200, 200, 200, 200, 200, 200, 200, 200, 200, 200, 200, 200, 200, 200, 200, 200, 200, 200, 200, 200, 200, 200, 200, 200, 200, 200, 200, 200, 200, 200, 200, 200, 200, 200, 200, 200, 200, 200, 200, 200, 200, 200, 200, 200, 200, 200, 200, 200, 200, 200, 200, 200, 200, 200, 200, 200, 200, 200, 200, 200, 200, 200, 200, 200, 200, 200, 200, 200, 200, 200, 200, 200, 200, 200, 200, 200, 200, 200, 200, 200, 200, 200, 200, 200, 200, 200, 200, 200, 200, 200, 200, 200, 200, 200, 200, 200, 200, 200, 200, 200, 200, 200, 200, 200, 200], "episode_rewards": [-1109.9351546584119, -986.2687864528133, -1135.7070468182346, -1092.6721377170286, -1097.1349076517895, -1028.1079721558233, -1092.530589634014, -1021.4472355039135, -865.5383954011816, -1388.8980718381686, -941.3337122766278, -1207.3157476586605, -1398.050507072243, -978.8405158703968, -1076.3557868502876, -762.2861791190794, -1360.3962997455726, -768.722280860817, -984.2051956157002, -983.9569777578322, -896.3600780503302, -958.7634099573698, -1377.822501190829, -1059.3112053985926, -891.0656604976557, -973.1680994403397, -1219.396232082837, -875.096741910227, -757.2745370642734, -815.3908490919355, -861.0214165217672, -1093.59477099188, -766.6743904143768, -846.6844503778709, -750.4641769331961, -962.7612228503407, -845.8043342220953, -948.1274615517634, -619.681318028556, -999.4434654493369, -839.0861032870719, -979.0312713266662, -1112.8606138604866, -723.7810777162288, -750.0578897475941, -764.0219687607503, -740.9937065083359, -660.4456802115865, -502.4708924846664, -876.8695385315676, -931.4152849754854, -762.1678417638677, -383.0159143404756, -643.8561662088292, -495.9079205577152, -735.4568918676297, -619.228169746365, -616.661977719934, -869.6136430751743, -713.9648222642618, -743.5125932377625, -498.0500852180481, -504.7423713009793, -622.9771819406988, -912.7566071110517, -760.0933859338326, -369.61003500085775, -726.0612509945735, -532.5902436019317, -254.94528495169325, -374.6397036002085, -505.3824462685868, -26.24081223439564, -443.327435618204, -250.04015647592928, -125.56620989422808, -251.74706146244907, -336.0073178635823, -512.4178946031902, -238.80708634167766, -243.44051806629645, -125.2339453049515, -124.33994171096262, -119.23650068493019, -372.538907211002, -246.20759115906674, -236.2783996717773, -123.24496797870628, -122.4340520807349, -2.6832247862205603, -239.07679011640454, -117.28371759358792, -245.83898203657614, -2.976359380803157, -240.98937711467417, -265.60058607618396, -258.22594183501303, -376.05209941028335, -1.5893687921245934, -1.5472472277767908, -240.01153003405176, -119.36699124892493, -122.11419967097413, -1.6948784827802876, -258.7134770163665, -119.95425324487607, -125.61014686705818, -369.9203873845802, -121.28940464793999, -235.46617813306887, -246.2973065492129, -1.0738424502741601, -117.74910194936476, -239.94311284807765, -246.9257636903024, -401.31618377001246, -241.6533664280015, -125.8369025670805, -124.12284724079602, -258.62844868747317, -121.49657540176061, -3.1307947334284094, -238.03197557575683, -123.33605670586068, -119.61012857223, -4.011236369336943, -1.115052781398396, -119.47877637438076, -241.10698626799126, -129.56019336881855, -126.40376390127521, -120.30805840469128, -120.50895451780532, -127.6724141863932, -123.55776284132781, -0.8151730388652085, -238.6275075565147, -127.18892314135202, -235.947395752821, -235.55158981842754, -122.84613262838836, -118.39287862026987, -0.8901145312845908, -1.4805005571806298, -234.91042741681153, -1.469628251349183, -120.07655776882386, -1.0780465010196916, -118.82093944641422, -114.62427292288983, -123.70569162405404, -260.2976255814811, -262.2270149938177, -115.90638710470546, -115.67697066464115, -118.65359664975577, -243.83202656716452, -129.54895567001327, -235.2479956926809, -125.36801240149623, -241.37326664106124, -250.24762140006897, -124.21974295640625, -124.27330278028313, -259.12971277669067, -2.728950609910292, -259.1270987931469, -119.75742674593995, -124.4495017844667, -351.4704583430555, -121.70382703553403, -121.02709610019761, -124.82890937463425, -234.85849432795428, -252.10465229928326, -122.36498157078879, -241.22566892714863, -117.52530196921522, -125.83329408412013, -122.04996083875993, -244.37930458855908, -117.76338394059619, -126.52551451214335, -126.3689458841429, -125.27089450360778, -125.38759424406803, -237.97218920715628, -241.3660374984886, -124.40764050302253, -381.8257700391993, -358.51879175354964, -240.0658557268524, -381.81644024941727, -120.61371989308194, -121.48862092292552, -119.85383942965692, -122.48042242441325, -115.45565946196952, -119.72126497632168, -1.9706241751996412, -126.36029664686843, -128.32096718293815, -118.85118362238632, -121.6687078638926, -121.34831735972476, -119.45553397380112, -239.82059677804764, -124.7350504717276, -122.43253770548753, -0.6249363180774297, -117.40622704950833, -119.84237733452815, -115.58777361919178, -253.09553910394268, -120.99270862937406, -125.61161808411927, -123.22972856588275, -120.45735763787441, -239.76698098099897, -334.790959669854, -404.10280248359334, -118.10495076969084, -126.12870926400093, -126.27060905981907, -115.26488077501318, -242.5091948035945, -121.76241060903003, -123.0583629699981, -0.9287283551138144, -0.7920069278114477, -237.36980396363813, -116.62315949973144, -120.33638633111677, -120.0160837487037, -126.0985751510864, -122.61965721516002, -123.20485707878943, -224.93019069560881, -119.72092747704295, -238.67176378860148, -117.02382619982598, -121.37173610162695, -0.6279330672247907, -237.56527182860734, -119.5446134531007, -0.575913644900898, -242.12472071060054, -2.1642695011239317, -0.9068113994566381, -2.082037571035424, -122.92262419414453, -119.96024689373446, -115.69803241492012, -125.33238288690367, -119.09311119118902, -124.30114298596064, -119.8178006958874, -119.41922286722331, -1.752749521306082, -117.25002176069866, -116.85795016302666, -236.07859607985108, -243.88354877501982, -128.9367185341398, -123.5424978159036, -1.9295524775390496, -120.33349501764252, -120.10282968534104, -2.7248683146226496, -0.5455254746114077, -121.3638958298723, -118.79239694399425, -123.68143362575894, -234.4747203946437, -239.79598347249978, -120.24025404707803, -120.63272747866446, -117.02875173623093, -120.27008895452443, -123.64000150508262, -116.14097866102264, -116.76377495050009, -121.09687457783663, -121.56198323060235, -238.83593775718626, -121.44836632099869, -0.9894433972528178, -127.69334021069487, -122.01632876927839, -116.20995386250871, -125.40702900235529, -117.54725026612707, -116.77390193116352, -120.94138028205873, -122.2773449596901, -119.65978022466444, -0.8929458382659063, -124.19480206462781, -123.49131850072477, -123.48818071303695, -125.39162057656925, -124.55591017362468, -124.75727410058435, -124.5960036295716, -233.01635705315232, -121.2672010788495, -114.85445609746203, -116.81485233364289, -120.76831099088258, -116.29600618552612, 