{"episode_lengths": [200, 200, 200, 200, 200, 200, 200, 200, 200, 200, 200, 200, 200, 200, 200, 200, 200, 200, 200, 200, 200, 200, 200, 200, 200, 200, 200, 200, 200, 200, 200, 200, 200, 200, 200, 200, 200, 200, 200, 200, 200, 200, 200, 200, 200, 200, 200, 200, 200, 200, 200, 200, 200, 200, 200, 200, 200, 200, 200, 200, 200, 200, 200, 200, 200, 200, 200, 200, 200, 200, 200, 200, 200, 200, 200, 200, 200, 200, 200, 200, 200, 200, 200, 200, 200, 200, 200, 200, 200, 200, 200, 200, 200, 200, 200, 200, 200, 200, 200, 200, 200, 200, 200, 200, 200, 200, 200, 200, 200, 200, 200, 200, 200, 200, 200, 200, 200, 200, 200, 200, 200, 200, 200, 200, 200, 200, 200, 200, 200, 200, 200, 200, 200, 200, 200, 200, 200, 200, 200, 200, 200, 200, 200, 200, 200, 200, 200, 200, 200, 200, 200, 200, 200, 200, 200, 200, 200, 200, 200, 200, 200, 200, 200, 200, 200, 200, 200, 200, 200, 200, 200, 200, 200, 200, 200, 200, 200, 200, 200, 200, 200, 200, 200, 200, 200, 200, 200, 200, 200, 200, 200, 200, 200, 200, 200, 200, 200, 200, 200, 200, 200, 200, 200, 200, 200, 200, 200, 200, 200, 200, 200, 200, 200, 200, 200, 200, 200, 200, 200, 200, 200, 200, 200, 200, 200, 200, 200, 200, 200, 200, 200, 200, 200, 200, 200, 200, 200, 200, 200, 200, 200, 200, 200, 200, 200, 200, 200, 200, 200, 200, 200, 200, 200, 200, 200, 200, 200, 200, 200, 200, 200, 200, 200, 200, 200, 200, 200, 200, 200, 200, 200, 200, 200, 200, 200, 200, 200, 200, 200, 200, 200, 200, 200, 200, 200, 200, 200, 200, 200, 200, 200, 200, 200, 200, 200, 200, 200, 200, 200, 200, 200, 200, 200, 200, 200, 200, 200, 200, 200, 200, 200, 200], "episode_rewards": [-1021.511706649062, -1133.1616959157695, -925.1205327295457, -1400.8358595441894, -1038.187941045312, -1227.3210712092086, -1064.8368544990344, -1307.8312517246593, -998.7464147300559, -1086.095059336172, -1427.1727986882142, -1257.7693215666366, -1335.4311737431008, -891.3294444051884, -859.3686091729163, -1001.1279606029055, -982.390962939203, -1084.5536696028475, -897.0919826310326, -953.7103374615165, -1030.0135558103868, -902.6559396345428, -1030.2636186845807, -899.5041839893624, -886.0605908828694, -774.0684883841574, -1092.5571185432107, -847.1767386469045, -1045.3580461101367, -758.2871614588466, -855.9874803148235, -751.8751668733704, -860.6500382988747, -772.3019848113257, -1044.4102638182121, -645.9575417432977, -950.2094104465334, -866.7264335152261, -1035.97235255022, -947.2043417332815, -841.9921616320811, -625.8752556014508, -878.7542956947023, -726.0648788154064, -736.4944814484603, -746.1119761244042, -624.5750824195677, -865.1610350188822, -671.6033997617988, -757.5606884572861, -618.890204679792, -961.9129538414215, -704.6281175141797, -907.6334490329845, -868.9500541705288, -455.37748211910974, -502.93158910448, -641.1941455701505, -728.8977212509175, -916.1269762133198, -381.8557620068689, -629.2136794239588, -500.0567441127227, -494.54722710252014, -628.8689380289499, -615.4163937811044, -777.9702644149993, -624.2899804157413, -498.4154141949182, -631.1089510374521, -375.58354540661907, -379.4797070705938, -522.3325337989985, -226.72372128870344, -511.91401440472276, -477.4896215159748, -125.90969908465247, -127.90398435671842, -499.18372738086015, -2.700496490295913, -247.95189383001747, -3.3993167274486185, -124.81281886047273, -359.7453347913029, -495.48601508506096, -124.50371088060933, -2.704121427472068, -119.32311218920596, -118.21656651400548, -123.80691046149433, -360.969046006654, -125.39169772354013, -1.7233770488106197, -120.31122210527309, -128.04307970730588, -123.56185647736666, -125.5993688885001, -123.1742950640755, -252.40627034296713, -233.12970597033944, -118.5639210813197, -241.41358393783366, -240.87219941776777, -248.57100036964758, -244.75129353116017, -240.73724212017524, -124.81097619548544, -124.47335508458137, -374.8603407114362, -128.6438225822666, -124.96885334887597, -298.04381812037076, -126.25790626291439, -125.74933859510891, -342.64787835387534, -1.7562552190004377, -121.6835213494945, -233.84368967694184, -121.71869191845413, -377.68520295661847, -254.08388871214677, -123.79669699363278, -125.0148422888722, -3.5097523936880215, -1.8677871831498845, -371.50564272989004, -252.56976377158495, -121.56021834204557, -242.48409117826293, -360.20618791822403, -234.69015030416946, -116.89922006808241, -254.3967537088819, -126.4793434476685, -121.85406909876467, -124.15109863274303, -115.23864572939478, -232.52660144028113, -3.164455822812921, -123.38209821735582, -117.77727252284005, -125.89904081514013, -121.02726974656517, -122.7940325402994, -124.14449785973756, -237.05277420681242, -239.63496227570488, -375.1238733606479, -122.60600466679863, -242.62684451934294, -115.828209315393, -1.1777440955148941, -249.66295469496106, -122.3372932969566, -128.36972127514093, -289.30820047539, -128.10178697411922, -121.08841765720574, -242.8454348357911, -115.20193501578923, -124.846089570042, -0.6496260440306432, -125.48630504202225, -126.995620775283, -126.28474135431502, -238.85195899102823, -123.30288799832847, -250.4953939571067, -409.3759376217952, -229.83055991195755, -123.00952196053245, -118.19300209541983, -0.6799326808994431, -248.64265171409954, -116.0518939478613, -117.12072752950408, -121.65247946312465, -2.009830935551193, -238.15471684348714, -247.99893939723415, -250.41035354747757, -376.566258830763, -263.74372489504873, -238.01148417697206, -120.06035475269796, -244.36805199872643, -0.9758645561339923, -123.31003468999437, -231.3637295669697, -124.56569042482205, -248.93988758050688, -128.46527740283628, -116.31244487019883, -340.7029041446149, -1.6016213355614086, -118.0364822429212, -124.86317150339885, -123.61764801971415, -1.1230136108021487, -266.0248445843141, -114.24355289995698, -123.84872789307556, -119.97261129143895, -231.01522623289546, -123.77528632118258, -0.7029250947304576, -125.7148531843852, -262.8092393854492, -0.5364112988369002, -119.97294615157728, -125.50467689099344, -117.65404388152922, -119.74549317703384, -1.0329773773733106, -115.11861911260625, -234.44046798535152, -116.80953224072796, -122.40570953045379, -115.09270324392617, -120.5610569038932, -127.38552752172035, -126.75542786601449, -124.78492868836227, -377.3362283365196, -249.16249167074784, -129.5535644094977, -254.77635484535764, -122.04408689997028, -125.13727739294347, -234.48541335360198, -127.34526844742732, -237.14704317314946, -333.6339023792521, -246.79649227575442, -241.97973477796666, -117.71762927911288, -229.1346690547447, -121.40609242501293, -0.595785065354007, -114.72374687265743, -237.86128126369414, -120.5080083143109, -125.10132962924264, -114.10948634654646, -122.0896167124386, -0.7633953216878229, -126.77958867825161, -121.29525726559058, -325.27689631145466, -118.21161845011899, -226.74125185044505, -327.1986910708188, -116.01424862782767, -129.8131794885828, -1.0280814514235042, -238.88307082974165, -114.75496269545766, -121.72273114641963, -0.9419590635396496, -114.12612709060362, -240.28867952685695, -1.7905239477799373, -0.9971634304189539, -122.03141219503318, -232.31734967042573, -121.26191946926848, -304.0171270931724, -232.42113668191328, -122.42311675056719, -243.04751472132207, -117.49041854550784, -116.34775027228706, -130.32939167992188, -125.50155074215584, -256.3994618048533, -124.65556460017353, -123.76752700364185, -245.87849771436143, -115.36982135493393, -230.35050370141684, -123.54933636542565, -118.68805137639036, -234.55299854200032, -118.7633736567894, -1.9283982181807908, -117.30208547329337, -117.22517922564457, -123.88831006236761, -233.98512549243137, -2.3217398226879973, -356.86858529471243, -125.525490760143, -123.44111154809691, -0.7597950879458978, -237.13188815935166, -121.89361207864383, -240.58649815871271, -0.5230282965870665, -119.26788132228518, -123.53467258969766, -253.77304114114543, -117.89351220948286, -347.0389748968705, -0.4236968909834753, -248.4829646049216, -122.40832014308286, -113.38430134697361, -122.02351017296243, -232.18912927147406, -0.49782224023903443, 