{"timestamps": [1640023584.183072, 1640023594.3936217, 1640023599.1464887, 1640023606.7091417, 1640023615.8132265, 1640023620.714764, 1640023638.298699, 1640023643.7641642, 1640023655.59265, 1640023669.502139, 1640023681.3246255, 1640023686.5933983, 1640023698.2273977, 1640023709.851518, 1640023715.1658764, 1640023729.8916452, 1640023735.8130481, 1640023742.0308719, 1640023757.610767, 1640023769.4217672, 1640023777.4161203, 1640023787.767826, 1640023794.5044243, 1640023801.2707477, 1640023807.8792417, 1640023818.6199625, 1640023825.0220397, 1640023835.8460307, 1640023844.8916051, 1640023858.6400533, 1640023865.3929045, 1640023881.6974616, 1640023890.141938, 1640023909.0374901, 1640023925.8488107], "episode_types": ["t", "t", "t", "t", "t", "t", "t", "t", "t", "t", "t", "t", "t", "t", "t", "t", "t", "t", "t", "t", "t", "t", "t", "t", "t", "t", "t", "t", "t", "t", "t", "t", "t", "t", "t", "t"], "episode_rewards": [0.0, 2.0, 0.0, 2.0, 2.0, 0.0, 7.0, 0.0, 3.0, 5.0, 4.0, 0.0, 3.0, 3.0, 0.0, 4.0, 0.0, 0.0, 4.0, 2.0, 0.0, 2.0, 0.0, 0.0, 0.0, 2.0, 0.0, 2.0, 1.0, 3.0, 0.0, 4.0, 1.0, 5.0, 4.0], "episode_lengths": [532, 945, 573, 854, 968, 556, 1782, 561, 1069, 1339, 1142, 523, 1068, 1096, 564, 1233, 585, 548, 1228, 894, 560, 846, 595, 593, 541, 826, 547, 865, 725, 1070, 577, 1282, 696, 1356, 1260], "initial_reset_timestamp": 1640023573.839827}