{"timestamps": [1640023591.5716803, 1640023596.7029018, 1640023604.1911595, 1640023609.234996, 1640023616.3484077, 1640023629.9943588, 1640023647.7795794, 1640023655.8160772, 1640023662.8733072, 1640023669.8179781, 1640023678.3635733, 1640023689.2479913, 1640023698.5522842, 1640023712.6259582, 1640023723.9703226, 1640023734.386685, 1640023740.6263988, 1640023750.4266346, 1640023756.784204, 1640023763.123057, 1640023775.0094745, 1640023792.9860187, 1640023803.8500264, 1640023814.6930158, 1640023834.3105974, 1640023850.2954793, 1640023864.1862833, 1640023881.2863784, 1640023892.2681634, 1640023908.4949706, 1640023924.9834254], "episode_types": ["t", "t", "t", "t", "t", "t", "t", "t", "t", "t", "t", "t", "t", "t", "t", "t", "t", "t", "t", "t", "t", "t", "t", "t", "t", "t", "t", "t", "t", "t", "t", "t"], "episode_rewards": [4.0, 0.0, 2.0, 0.0, 1.0, 5.0, 6.0, 1.0, 1.0, 1.0, 2.0, 3.0, 2.0, 4.0, 3.0, 2.0, 0.0, 2.0, 0.0, 0.0, 1.0, 5.0, 2.0, 2.0, 6.0, 4.0, 3.0, 5.0, 2.0, 4.0, 4.0], "episode_lengths": [1152, 509, 829, 537, 748, 1434, 1640, 752, 788, 757, 818, 1072, 890, 1271, 1059, 877, 572, 840, 565, 567, 768, 1388, 866, 840, 1461, 1241, 1068, 1298, 873, 1157, 1249], "initial_reset_timestamp": 1640023573.7561014}