{"timestamps": [1640023585.8363006, 1640023591.0579722, 1640023599.3227544, 1640023603.9695628, 1640023610.8214288, 1640023619.209649, 1640023626.7286062, 1640023634.3391142, 1640023640.0572393, 1640023655.607348, 1640023660.8285887, 1640023673.1035924, 1640023682.3902674, 1640023691.2868567, 1640023697.2848938, 1640023702.4693468, 1640023711.9226577, 1640023723.5011368, 1640023733.421926, 1640023739.7817428, 1640023745.8668053, 1640023754.4729233, 1640023770.583744, 1640023786.4947436, 1640023793.3169703, 1640023809.6263814, 1640023820.643223, 1640023842.6566246, 1640023853.8305647, 1640023860.4899313, 1640023871.480682, 1640023885.0406475, 1640023891.9553332, 1640023898.9613094, 1640023905.3167582, 1640023912.4518483, 1640023919.2137547, 1640023925.8744252, 1640023932.0271275], "episode_types": ["t", "t", "t", "t", "t", "t", "t", "t", "t", "t", "t", "t", "t", "t", "t", "t", "t", "t", "t", "t", "t", "t", "t", "t", "t", "t", "t", "t", "t", "t", "t", "t", "t", "t", "t", "t", "t", "t", "t", "t"], "episode_rewards": [1.0, 0.0, 2.0, 0.0, 1.0, 2.0, 2.0, 2.0, 0.0, 5.0, 0.0, 4.0, 2.0, 2.0, 0.0, 0.0, 2.0, 3.0, 2.0, 0.0, 0.0, 1.0, 3.0, 4.0, 0.0, 4.0, 2.0, 9.0, 2.0, 0.0, 2.0, 3.0, 0.0, 0.0, 0.0, 0.0, 0.0, 0.0, 0.0], "episode_lengths": [677, 532, 844, 549, 751, 872, 868, 883, 603, 1371, 535, 1217, 939, 865, 583, 577, 841, 1049, 854, 581, 597, 744, 1156, 1183, 525, 1253, 870, 1667, 844, 555, 840, 1044, 592, 551, 591, 599, 584, 581, 552], "initial_reset_timestamp": 1640023573.824619}