{"timestamps": [1640023584.1901026, 1640023593.494033, 1640023600.3420792, 1640023610.3257678, 1640023615.506585, 1640023629.2999153, 1640023639.959707, 1640023648.7990806, 1640023656.8060708, 1640023665.1908512, 1640023673.3062222, 1640023688.6167753, 1640023696.4414713, 1640023705.8013444, 1640023715.03654, 1640023726.9955451, 1640023739.6920834, 1640023747.2453783, 1640023760.9151964, 1640023768.240224, 1640023776.507425, 1640023787.2424057, 1640023793.6283364, 1640023810.3125548, 1640023817.0334556, 1640023832.011337, 1640023845.7035453, 1640023852.2790673, 1640023865.846367, 1640023879.5726225, 1640023893.600987, 1640023909.7963667, 1640023916.1666405, 1640023922.8037107, 1640023933.7838686], "episode_types": ["t", "t", "t", "t", "t", "t", "t", "t", "t", "t", "t", "t", "t", "t", "t", "t", "t", "t", "t", "t", "t", "t", "t", "t", "t", "t", "t", "t", "t", "t", "t", "t", "t", "t", "t", "t"], "episode_rewards": [0.0, 2.0, 2.0, 3.0, 0.0, 5.0, 3.0, 2.0, 1.0, 2.0, 2.0, 5.0, 1.0, 2.0, 2.0, 3.0, 3.0, 1.0, 4.0, 0.0, 0.0, 2.0, 0.0, 4.0, 0.0, 4.0, 3.0, 0.0, 3.0, 3.0, 3.0, 4.0, 0.0, 0.0, 2.0], "episode_lengths": [546, 823, 764, 1056, 558, 1426, 1072, 869, 755, 872, 843, 1464, 748, 890, 880, 1071, 1052, 667, 1123, 583, 581, 897, 575, 1252, 580, 1188, 1068, 561, 1077, 1032, 1084, 1158, 557, 599, 885], "initial_reset_timestamp": 1640023573.8368018}