{"timestamps": [1640023585.8937562, 1640023593.4416115, 1640023598.0335433, 1640023602.751713, 1640023619.6506424, 1640023626.9426405, 1640023636.897772, 1640023647.107191, 1640023660.1249492, 1640023673.913771, 1640023678.751786, 1640023687.5980928, 1640023701.5012674, 1640023710.9341054, 1640023716.497231, 1640023728.3109744, 1640023734.5664766, 1640023744.7497454, 1640023757.5558887, 1640023772.466997, 1640023786.6169376, 1640023797.791861, 1640023811.505076, 1640023822.1186304, 1640023833.0803218, 1640023843.6890564, 1640023857.5050418, 1640023871.3739674, 1640023882.3513525, 1640023896.1239984, 1640023910.3658323, 1640023917.1570294, 1640023930.8051832], "episode_types": ["t", "t", "t", "t", "t", "t", "t", "t", "t", "t", "t", "t", "t", "t", "t", "t", "t", "t", "t", "t", "t", "t", "t", "t", "t", "t", "t", "t", "t", "t", "t", "t", "t", "t"], "episode_rewards": [1.0, 1.0, 0.0, 0.0, 9.0, 2.0, 3.0, 2.0, 4.0, 5.0, 0.0, 2.0, 4.0, 2.0, 0.0, 3.0, 0.0, 2.0, 3.0, 3.0, 3.0, 2.0, 3.0, 2.0, 2.0, 2.0, 3.0, 3.0, 2.0, 3.0, 3.0, 0.0, 3.0], "episode_lengths": [687, 712, 556, 540, 1623, 870, 1060, 923, 1168, 1362, 549, 889, 1284, 875, 564, 1084, 561, 886, 1067, 1088, 1044, 887, 1051, 889, 860, 857, 1032, 1057, 854, 1088, 1035, 572, 1063], "initial_reset_timestamp": 1640023573.8550065}