{"timestamps": [1640023585.868811, 1640023594.6081464, 1640023600.4025033, 1640023605.093833, 1640023613.586911, 1640023618.5213075, 1640023623.1493, 1640023633.5005417, 1640023644.7132647, 1640023656.5659227, 1640023668.9385612, 1640023674.0824382, 1640023684.814284, 1640023698.5654333, 1640023706.2569504, 1640023712.0214677, 1640023723.5756507, 1640023736.4884071, 1640023749.02868, 1640023772.0679104, 1640023788.9903893, 1640023795.74861, 1640023809.4432218, 1640023825.5142486, 1640023846.815598, 1640023853.4934103, 1640023865.8428411, 1640023879.5147831, 1640023893.5231926, 1640023904.7492218, 1640023924.2108307], "episode_types": ["t", "t", "t", "t", "t", "t", "t", "t", "t", "t", "t", "t", "t", "t", "t", "t", "t", "t", "t", "t", "t", "t", "t", "t", "t", "t", "t", "t", "t", "t", "t", "t"], "episode_rewards": [1.0, 2.0, 1.0, 0.0, 2.0, 0.0, 0.0, 3.0, 3.0, 3.0, 4.0, 0.0, 3.0, 4.0, 1.0, 0.0, 3.0, 3.0, 3.0, 6.0, 4.0, 0.0, 3.0, 4.0, 6.0, 0.0, 3.0, 3.0, 3.0, 2.0, 5.0], "episode_lengths": [695, 878, 630, 563, 911, 529, 559, 1148, 1063, 1060, 1217, 528, 1075, 1245, 725, 548, 1036, 1072, 1061, 1650, 1268, 585, 1068, 1214, 1547, 571, 966, 1067, 1068, 848, 1440], "initial_reset_timestamp": 1640023573.8116498}