{"timestamps": [1640023584.1902769, 1640023595.3746965, 1640023605.0304637, 1640023611.993565, 1640023619.1819017, 1640023628.5345433, 1640023636.1445372, 1640023646.7510872, 1640023653.8828566, 1640023659.209543, 1640023670.4877958, 1640023675.5978394, 1640023685.5200434, 1640023694.4347014, 1640023700.2390103, 1640023709.357696, 1640023726.2079995, 1640023737.817802, 1640023749.4572918, 1640023772.3752022, 1640023784.0483937, 1640023798.980353, 1640023812.4992757, 1640023823.2177033, 1640023839.8419201, 1640023853.0446613, 1640023864.276327, 1640023875.1205938, 1640023890.940422, 1640023901.7777002, 1640023908.98902, 1640023922.733465, 1640023934.8920975], "episode_types": ["t", "t", "t", "t", "t", "t", "t", "t", "t", "t", "t", "t", "t", "t", "t", "t", "t", "t", "t", "t", "t", "t", "t", "t", "t", "t", "t", "t", "t", "t", "t", "t", "t", "t"], "episode_rewards": [0.0, 3.0, 3.0, 1.0, 1.0, 3.0, 2.0, 2.0, 1.0, 0.0, 3.0, 0.0, 3.0, 2.0, 0.0, 2.0, 8.0, 3.0, 3.0, 6.0, 2.0, 3.0, 3.0, 2.0, 4.0, 3.0, 2.0, 2.0, 4.0, 2.0, 0.0, 3.0, 2.0], "episode_lengths": [532, 1009, 1025, 759, 759, 1025, 899, 982, 691, 548, 1135, 593, 974, 870, 547, 873, 1473, 958, 1009, 1647, 887, 1118, 1052, 840, 1243, 1072, 851, 854, 1172, 854, 524, 1068, 957], "initial_reset_timestamp": 1640023573.837406}