{"timestamps": [1640023588.457726, 1640023593.6437712, 1640023601.2588046, 1640023605.9155934, 1640023618.061312, 1640023627.4986646, 1640023631.9364042, 1640023640.851929, 1640023646.4282045, 1640023653.535995, 1640023665.3604085, 1640023675.8092592, 1640023681.0467572, 1640023689.534393, 1640023701.3766136, 1640023706.971134, 1640023712.712849, 1640023719.597169, 1640023731.8742807, 1640023740.663456, 1640023750.485453, 1640023756.8349292, 1640023768.7216372, 1640023776.591032, 1640023785.5050309, 1640023799.4033937, 1640023810.3469625, 1640023821.041988, 1640023827.691985, 1640023838.7033556, 1640023851.846287, 1640023862.8689587, 1640023873.8746135, 1640023884.954881, 1640023901.697029, 1640023908.9205778, 1640023928.3534002, 1640023934.9317932], "episode_types": ["t", "t", "t", "t", "t", "t", "t", "t", "t", "t", "t", "t", "t", "t", "t", "t", "t", "t", "t", "t", "t", "t", "t", "t", "t", "t", "t", "t", "t", "t", "t", "t", "t", "t", "t", "t", "t", "t", "t"], "episode_rewards": [2.0, 0.0, 2.0, 0.0, 4.0, 3.0, 0.0, 2.0, 0.0, 1.0, 4.0, 3.0, 0.0, 2.0, 3.0, 0.0, 0.0, 1.0, 3.0, 1.0, 2.0, 0.0, 2.0, 0.0, 1.0, 3.0, 2.0, 2.0, 0.0, 2.0, 3.0, 2.0, 2.0, 2.0, 4.0, 0.0, 5.0, 0.0], "episode_lengths": [880, 540, 867, 525, 1202, 1048, 569, 887, 588, 717, 1206, 1020, 543, 886, 1084, 567, 551, 648, 1052, 760, 913, 553, 874, 588, 751, 1047, 861, 852, 568, 858, 1028, 849, 869, 906, 1271, 532, 1436, 561], "initial_reset_timestamp": 1640023573.7569911}