{"timestamps": [1640023593.329847, 1640023597.929552, 1640023602.6651473, 1640023607.6397226, 1640023612.5679982, 1640023619.684205, 1640023630.9351234, 1640023641.8594866, 1640023655.9165044, 1640023664.275638, 1640023673.8950338, 1640023682.246825, 1640023700.0150714, 1640023708.993087, 1640023719.3964167, 1640023737.7324133, 1640023750.3139315, 1640023765.3135095, 1640023778.6741629, 1640023798.2130666, 1640023809.2701895, 1640023827.5051756, 1640023838.1193106, 1640023850.2416422, 1640023858.4753532, 1640023869.7534978, 1640023880.447567, 1640023893.3274333, 1640023902.785827, 1640023919.0627325, 1640023929.6779785], "episode_types": ["t", "t", "t", "t", "t", "t", "t", "t", "t", "t", "t", "t", "t", "t", "t", "t", "t", "t", "t", "t", "t", "t", "t", "t", "t", "t", "t", "t", "t", "t", "t", "t"], "episode_rewards": [5.0, 0.0, 0.0, 0.0, 0.0, 1.0, 4.0, 3.0, 4.0, 2.0, 3.0, 2.0, 6.0, 2.0, 2.0, 9.0, 3.0, 4.0, 2.0, 6.0, 2.0, 5.0, 2.0, 2.0, 1.0, 2.0, 2.0, 3.0, 1.0, 4.0, 2.0], "episode_lengths": [1301, 531, 540, 562, 555, 763, 1231, 1071, 1280, 859, 993, 848, 1620, 849, 979, 1541, 1093, 1178, 866, 1524, 850, 1420, 843, 913, 688, 863, 885, 978, 756, 1192, 847], "initial_reset_timestamp": 1640023573.7567894}