{"timestamps": [1640023589.43864, 1640023597.725957, 1640023606.0611925, 1640023611.101114, 1640023616.3883576, 1640023627.882074, 1640023634.453359, 1640023643.688734, 1640023657.5301766, 1640023667.9188292, 1640023673.0416822, 1640023678.1708272, 1640023687.9026918, 1640023699.571448, 1640023709.0167608, 1640023714.7653098, 1640023723.7991302, 1640023730.0660884, 1640023740.4753044, 1640023752.7036974, 1640023770.5006928, 1640023778.4047954, 1640023788.73971, 1640023795.489944, 1640023802.4064932, 1640023812.7476182, 1640023826.364335, 1640023840.0455196, 1640023850.6392446, 1640023859.8795602, 1640023866.740496, 1640023875.029994, 1640023881.562062, 1640023892.9893742, 1640023910.0551682, 1640023916.865059, 1640023927.467182, 1640023938.4806097], "episode_types": ["t", "t", "t", "t", "t", "t", "t", "t", "t", "t", "t", "t", "t", "t", "t", "t", "t", "t", "t", "t", "t", "t", "t", "t", "t", "t", "t", "t", "t", "t", "t", "t", "t", "t", "t", "t", "t", "t", "t"], "episode_rewards": [3.0, 2.0, 2.0, 0.0, 0.0, 4.0, 1.0, 2.0, 4.0, 3.0, 0.0, 0.0, 3.0, 3.0, 2.0, 0.0, 2.0, 0.0, 2.0, 3.0, 4.0, 0.0, 2.0, 0.0, 0.0, 2.0, 3.0, 3.0, 2.0, 1.0, 0.0, 1.0, 0.0, 2.0, 4.0, 0.0, 2.0, 2.0], "episode_lengths": [970, 836, 900, 601, 557, 1232, 744, 893, 1288, 1076, 555, 561, 1001, 1032, 893, 557, 879, 548, 859, 1075, 1238, 592, 885, 552, 562, 877, 1064, 1049, 865, 779, 528, 676, 572, 848, 1287, 571, 864, 866], "initial_reset_timestamp": 1640023573.8159373}