{"timestamps": [1640023588.359826, 1640023593.5386446, 1640023607.509241, 1640023616.7337377, 1640023624.6298194, 1640023629.2343082, 1640023637.2143006, 1640023648.6901295, 1640023659.3690948, 1640023671.5102892, 1640023681.2279274, 1640023689.6722949, 1640023699.3355656, 1640023706.0830908, 1640023715.6065679, 1640023723.33721, 1640023736.302193, 1640023746.123971, 1640023752.2832363, 1640023762.5060148, 1640023770.7953687, 1640023785.254297, 1640023796.4282994, 1640023802.9097195, 1640023816.3348498, 1640023827.2785482, 1640023833.6183026, 1640023850.1744368, 1640023865.5022616, 1640023878.2138402, 1640023887.3362331, 1640023901.4193256, 1640023908.615466, 1640023923.9814775, 1640023930.668747], "episode_types": ["t", "t", "t", "t", "t", "t", "t", "t", "t", "t", "t", "t", "t", "t", "t", "t", "t", "t", "t", "t", "t", "t", "t", "t", "t", "t", "t", "t", "t", "t", "t", "t", "t", "t", "t", "t"], "episode_rewards": [2.0, 0.0, 5.0, 3.0, 2.0, 0.0, 2.0, 3.0, 3.0, 4.0, 2.0, 2.0, 2.0, 1.0, 2.0, 1.0, 3.0, 2.0, 0.0, 2.0, 0.0, 3.0, 2.0, 0.0, 3.0, 2.0, 0.0, 4.0, 4.0, 3.0, 1.0, 3.0, 0.0, 4.0, 0.0], "episode_lengths": [871, 533, 1483, 1005, 860, 568, 865, 1067, 1010, 1240, 936, 868, 846, 695, 876, 767, 1081, 862, 587, 872, 581, 1072, 889, 541, 1033, 877, 555, 1230, 1164, 962, 727, 1004, 553, 1200, 589], "initial_reset_timestamp": 1640023573.860139}