{"timestamps": [1640023585.8506427, 1640023596.70317, 1640023608.4401574, 1640023613.5296082, 1640023618.476087, 1640023623.1003, 1640023630.6850421, 1640023635.2665093, 1640023644.540121, 1640023654.0085766, 1640023662.6444685, 1640023670.6705115, 1640023675.853069, 1640023681.1202118, 1640023686.33298, 1640023704.8907168, 1640023715.7185798, 1640023733.0416977, 1640023739.5202353, 1640023745.2019923, 1640023755.7058282, 1640023761.9875002, 1640023778.4123855, 1640023786.1493852, 1640023802.7500114, 1640023816.1463218, 1640023824.270651, 1640023833.4562004, 1640023849.9373026, 1640023863.220789, 1640023870.2423475, 1640023878.4790263, 1640023889.7417824, 1640023906.3543904, 1640023917.9563298, 1640023924.1843483, 1640023930.8941379], "episode_types": ["t", "t", "t", "t", "t", "t", "t", "t", "t", "t", "t", "t", "t", "t", "t", "t", "t", "t", "t", "t", "t", "t", "t", "t", "t", "t", "t", "t", "t", "t", "t", "t", "t", "t", "t", "t", "t", "t"], "episode_rewards": [1.0, 3.0, 4.0, 0.0, 0.0, 0.0, 2.0, 0.0, 2.0, 2.0, 2.0, 2.0, 0.0, 0.0, 0.0, 9.0, 3.0, 6.0, 0.0, 0.0, 2.0, 0.0, 3.0, 1.0, 4.0, 3.0, 1.0, 1.0, 4.0, 3.0, 0.0, 1.0, 2.0, 4.0, 2.0, 0.0, 0.0], "episode_lengths": [666, 1054, 1271, 579, 567, 580, 883, 612, 835, 903, 863, 852, 537, 560, 592, 1686, 998, 1501, 583, 544, 888, 555, 1067, 676, 1272, 1068, 687, 739, 1252, 1068, 576, 691, 883, 1259, 888, 569, 557], "initial_reset_timestamp": 1640023573.7569673}