{"timestamps": [1640023589.013286, 1640023595.9106839, 1640023608.617469, 1640023621.1151516, 1640023632.5015266, 1640023637.9266937, 1640023646.870388, 1640023658.364022, 1640023666.4885335, 1640023671.3378022, 1640023682.1419868, 1640023695.6577556, 1640023705.8843904, 1640023711.7007277, 1640023722.9156377, 1640023733.12552, 1640023743.1980877, 1640023758.9364302, 1640023777.758524, 1640023795.7481494, 1640023809.428159, 1640023823.005631, 1640023836.7161782, 1640023850.1087334, 1640023865.565918, 1640023876.7852097, 1640023890.6293938, 1640023904.1582236, 1640023915.824807, 1640023926.4727466, 1640023937.4811888], "episode_types": ["t", "t", "t", "t", "t", "t", "t", "t", "t", "t", "t", "t", "t", "t", "t", "t", "t", "t", "t", "t", "t", "t", "t", "t", "t", "t", "t", "t", "t", "t", "t", "t"], "episode_rewards": [3.0, 1.0, 4.0, 4.0, 4.0, 0.0, 2.0, 3.0, 2.0, 0.0, 3.0, 4.0, 2.0, 0.0, 3.0, 2.0, 2.0, 4.0, 4.0, 5.0, 3.0, 3.0, 3.0, 3.0, 4.0, 2.0, 3.0, 3.0, 2.0, 2.0, 2.0], "episode_lengths": [921, 720, 1324, 1304, 1248, 553, 885, 1064, 871, 551, 1060, 1245, 946, 584, 1077, 885, 863, 1273, 1259, 1369, 1069, 1049, 1040, 1064, 1184, 859, 1061, 1008, 850, 859, 883], "initial_reset_timestamp": 1640023573.817736}