{"timestamps": [1640023585.840206, 1640023597.25481, 1640023606.8850636, 1640023615.4183905, 1640023623.2706354, 1640023630.844156, 1640023636.946457, 1640023643.8983371, 1640023649.5591812, 1640023660.9996877, 1640023665.902221, 1640023674.1291814, 1640023686.8980262, 1640023697.478007, 1640023708.9257631, 1640023722.7453415, 1640023728.9699702, 1640023742.8699226, 1640023762.5059953, 1640023778.93995, 1640023785.2567394, 1640023797.8410738, 1640023814.1085198, 1640023823.8937802, 1640023834.5812707, 1640023845.5259058, 1640023856.2784142, 1640023867.4701006, 1640023882.6555958, 1640023900.6874475, 1640023913.5460842, 1640023924.28491, 1640023935.187126], "episode_types": ["t", "t", "t", "t", "t", "t", "t", "t", "t", "t", "t", "t", "t", "t", "t", "t", "t", "t", "t", "t", "t", "t", "t", "t", "t", "t", "t", "t", "t", "t", "t", "t", "t", "t"], "episode_rewards": [1.0, 3.0, 3.0, 2.0, 2.0, 2.0, 1.0, 1.0, 0.0, 3.0, 0.0, 2.0, 4.0, 2.0, 3.0, 4.0, 0.0, 3.0, 9.0, 3.0, 0.0, 3.0, 4.0, 1.0, 2.0, 2.0, 2.0, 2.0, 4.0, 4.0, 2.0, 2.0, 2.0], "episode_lengths": [677, 1131, 1040, 886, 861, 889, 711, 651, 576, 1075, 527, 845, 1250, 965, 1069, 1234, 561, 1167, 1585, 1084, 581, 982, 1265, 735, 878, 860, 862, 843, 1156, 1315, 940, 866, 857], "initial_reset_timestamp": 1640023573.8614264}