{"timestamps": [1640023587.291266, 1640023599.4516873, 1640023609.349632, 1640023617.6380515, 1640023627.1327703, 1640023639.8732548, 1640023645.0152817, 1640023650.7829194, 1640023661.9557788, 1640023668.0243413, 1640023675.06255, 1640023690.4525287, 1640023700.0201626, 1640023713.8560703, 1640023725.8070552, 1640023745.068701, 1640023755.5409184, 1640023768.914261, 1640023776.7006586, 1640023783.0864108, 1640023789.7964113, 1640023803.6176493, 1640023814.046586, 1640023820.8252854, 1640023835.9151707, 1640023842.4362729, 1640023853.6066017, 1640023859.777906, 1640023878.3298032, 1640023895.4411292, 1640023912.2892747, 1640023928.646777, 1640023935.2544866], "episode_types": ["t", "t", "t", "t", "t", "t", "t", "t", "t", "t", "t", "t", "t", "t", "t", "t", "t", "t", "t", "t", "t", "t", "t", "t", "t", "t", "t", "t", "t", "t", "t", "t", "t", "t"], "episode_rewards": [1.0, 4.0, 3.0, 2.0, 3.0, 4.0, 0.0, 0.0, 3.0, 1.0, 1.0, 5.0, 2.0, 4.0, 3.0, 9.0, 2.0, 3.0, 0.0, 0.0, 0.0, 3.0, 2.0, 0.0, 4.0, 0.0, 2.0, 0.0, 5.0, 4.0, 4.0, 4.0, 0.0], "episode_lengths": [767, 1250, 1052, 867, 1067, 1235, 571, 559, 1035, 643, 732, 1440, 864, 1280, 1040, 1576, 857, 983, 550, 576, 580, 1072, 847, 529, 1166, 529, 883, 553, 1366, 1276, 1276, 1246, 541], "initial_reset_timestamp": 1640023573.855839}