{"timestamps": [1640023591.6202006, 1640023598.7391055, 1640023606.6389318, 1640023611.7219253, 1640023619.8975675, 1640023631.3068213, 1640023641.0086808, 1640023646.6158879, 1640023658.161033, 1640023666.2620451, 1640023674.7293658, 1640023683.9403265, 1640023695.3033905, 1640023709.3400452, 1640023721.8424945, 1640023734.649398, 1640023740.8909297, 1640023753.4599164, 1640023778.2987533, 1640023784.308417, 1640023795.4461398, 1640023802.3298407, 1640023813.8848267, 1640023833.155159, 1640023843.7581468, 1640023854.9196968, 1640023865.7569923, 1640023876.9094522, 1640023883.5577953, 1640023896.6886933, 1640023910.4226518, 1640023917.2110562, 1640023928.204835], "episode_types": ["t", "t", "t", "t", "t", "t", "t", "t", "t", "t", "t", "t", "t", "t", "t", "t", "t", "t", "t", "t", "t", "t", "t", "t", "t", "t", "t", "t", "t", "t", "t", "t", "t", "t"], "episode_rewards": [4.0, 2.0, 2.0, 0.0, 2.0, 4.0, 2.0, 0.0, 3.0, 2.0, 2.0, 2.0, 3.0, 4.0, 3.0, 3.0, 0.0, 3.0, 9.0, 0.0, 2.0, 0.0, 2.0, 5.0, 2.0, 2.0, 2.0, 2.0, 0.0, 3.0, 3.0, 0.0, 2.0], "episode_lengths": [1192, 782, 836, 596, 895, 1239, 955, 580, 1070, 840, 862, 938, 1081, 1272, 1141, 1044, 581, 1075, 1662, 551, 919, 587, 936, 1450, 838, 907, 901, 850, 613, 992, 1039, 560, 830], "initial_reset_timestamp": 1640023573.8443882}