{"Iteration": 0, "Steps": 1009999, "Epsilon": 0.80810019, "Episodes": 7, "AverageReturn": -20.142857142857142, "AverageDiscountedReturn": -0.9971501370914592, "TDError^2": 0.0056894514709711075}
{"Iteration": 1, "Steps": 1019999, "Epsilon": 0.80620019, "Episodes": 14, "AverageReturn": -19.8, "AverageDiscountedReturn": -1.1056655294444584, "TDError^2": 0.0024949738290160894}
{"Iteration": 2, "Steps": 1029999, "Epsilon": 0.80430019, "Episodes": 21, "AverageReturn": -19.6, "AverageDiscountedReturn": -0.9890184549596526, "TDError^2": 0.0044851782731711864}
{"Iteration": 3, "Steps": 1039999, "Epsilon": 0.80240019, "Episodes": 28, "AverageReturn": -19.5, "AverageDiscountedReturn": -0.7297611675191946, "TDError^2": 0.006496859714388847}
{"Iteration": 4, "Steps": 1049999, "Epsilon": 0.8005001900000001, "Episodes": 35, "AverageReturn": -19.1, "AverageDiscountedReturn": -0.6735546932076016, "TDError^2": 0.005732061807066202}
{"Iteration": 5, "Steps": 1059999, "Epsilon": 0.79860019, "Episodes": 41, "AverageReturn": -19.6, "AverageDiscountedReturn": -0.6094636290839389, "TDError^2": 0.007329332176595926}
{"Iteration": 6, "Steps": 1069999, "Epsilon": 0.79670019, "Episodes": 48, "AverageReturn": -19.6, "AverageDiscountedReturn": -0.9077709791473874, "TDError^2": 0.008030781522393227}
{"Iteration": 7, "Steps": 1079999, "Epsilon": 0.79480019, "Episodes": 55, "AverageReturn": -20.0, "AverageDiscountedReturn": -1.011551768385223, "TDError^2": 0.008729880675673485}
{"Iteration": 8, "Steps": 1089999, "Epsilon": 0.79290019, "Episodes": 62, "AverageReturn": -19.6, "AverageDiscountedReturn": -0.9324464228381109, "TDError^2": 0.0055647254921495914}
{"Iteration": 9, "Steps": 1099999, "Epsilon": 0.79100019, "Episodes": 69, "AverageReturn": -18.9, "AverageDiscountedReturn": -0.9065549401113954, "TDError^2": 0.005277190823107958}
{"Iteration": 10, "Steps": 1109999, "Epsilon": 0.78910019, "Episodes": 75, "AverageReturn": -19.3, "AverageDiscountedReturn": -0.7588907745958676, "TDError^2": 0.00619619432836771}
{"Iteration": 11, "Steps": 1119999, "Epsilon": 0.7872001900000001, "Episodes": 82, "AverageReturn": -19.3, "AverageDiscountedReturn": -0.8286146714548446, "TDError^2": 0.007956580258905888}
{"Iteration": 12, "Steps": 1129999, "Epsilon": 0.7853001900000001, "Episodes": 89, "AverageReturn": -19.5, "AverageDiscountedReturn": -0.770763343341565, "TDError^2": 0.008504560217261314}
{"Iteration": 13, "Steps": 1139999, "Epsilon": 0.78340019, "Episodes": 95, "AverageReturn": -18.6, "AverageDiscountedReturn": -0.9613102963905421, "TDError^2": 0.006963833700865507}
{"Iteration": 14, "Steps": 1149999, "Epsilon": 0.78150019, "Episodes": 102, "AverageReturn": -19.3, "AverageDiscountedReturn": -0.9610510359137813, "TDError^2": 0.006803110241889954}
{"Iteration": 15, "Steps": 1159999, "Epsilon": 0.77960019, "Episodes": 109, "AverageReturn": -19.2, "AverageDiscountedReturn": -0.9953471723365024, "TDError^2": 0.007730183191597462}
{"Iteration": 16, "Steps": 1169999, "Epsilon": 0.77770019, "Episodes": 116, "AverageReturn": -19.5, "AverageDiscountedReturn": -0.9363458689962336, "TDError^2": 0.006366460118442774}
{"Iteration": 17, "Steps": 1179999, "Epsilon": 0.77580019, "Episodes": 122, "AverageReturn": -19.5, "AverageDiscountedReturn": -0.8929270540144738, "TDError^2": 0.011234696954488754}
{"Iteration": 18, "Steps": 1189999, "Epsilon": 0.77390019, "Episodes": 128, "AverageReturn": -19.3, "AverageDiscountedReturn": -0.867146927955338, "TDError^2": 0.007543496321886778}
{"Iteration": 19, "Steps": 1199999, "Epsilon": 0.77200019, "Episodes": 134, "AverageReturn": -19.3, "AverageDiscountedReturn": -0.900643816678547, "TDError^2": 0.006578786298632622}
{"Iteration": 20, "Steps": 1209999, "Epsilon": 0.77010019, "Episodes": 140, "AverageReturn": -19.6, "AverageDiscountedReturn": -0.9572392894190092, "TDError^2": 0.006985097657889128}
{"Iteration": 21, "Steps": 1219999, "Epsilon": 0.7682001900000001, "Episodes": 147, "AverageReturn": -20.2, "AverageDiscountedReturn": -0.7384903366258223, "TDError^2": 0.004217508248984814}
{"Iteration": 22, "Steps": 1229999, "Epsilon": 0.76630019, "Episodes": 154, "AverageReturn": -19.9, "AverageDiscountedReturn": -0.787304073936326, "TDError^2": 0.00467876298353076}
{"Iteration": 23, "Steps": 1239999, "Epsilon": 0.76440019, "Episodes": 160, "AverageReturn": -18.9, "AverageDiscountedReturn": -0.7915276210750355, "TDError^2": 0.006565948016941547}
{"Iteration": 24, "Steps": 1249999, "Epsilon": 0.76250019, "Episodes": 166, "AverageReturn": -19.0, "AverageDiscountedReturn": -0.6378563321753697, "TDError^2": 0.00820490624755621}
{"Iteration": 25, "Steps": 1259999, "Epsilon": 0.76060019, "Episodes": 173, "AverageReturn": -19.9, "AverageDiscountedReturn": -0.8175998302611249, "TDError^2": 0.006253473926335573}
{"Iteration": 26, "Steps": 1269999, "Epsilon": 0.75870019, "Episodes": 180, "AverageReturn": -19.6, "AverageDiscountedReturn": -0.8522631042761756, "TDError^2": 0.011595985852181911}
{"Iteration": 27, "Steps": 1279999, "Epsilon": 0.75680019, "Episodes": 186, "AverageReturn": -19.2, "AverageDiscountedReturn": -1.049178336724381, "TDError^2": 0.006237092427909374}
{"Iteration": 28, "Steps": 1289999, "Epsilon": 0.75490019, "Episodes": 193, "AverageReturn": -19.3, "AverageDiscountedReturn": -1.024306017322902, "TDError^2": 0.006290916819125414}
{"Iteration": 29, "Steps": 1299999, "Epsilon": 0.7530001900000001, "Episodes": 199, "AverageReturn": -19.6, "AverageDiscountedReturn": -1.0586750010430244, "TDError^2": 0.00799552071839571}
{"Iteration": 30, "Steps": 1309999, "Epsilon": 0.7511001900000001, "Episodes": 205, "AverageReturn": -19.6, "AverageDiscountedReturn": -0.9586521758849681, "TDError^2": 0.007995889522135258}
{"Iteration": 31, "Steps": 1319999, "Epsilon": 0.74920019, "Episodes": 211, "AverageReturn": -18.5, "AverageDiscountedReturn": -0.9341906533032857, "TDError^2": 0.005764274392277002}
{"Iteration": 32, "Steps": 1329999, "Epsilon": 0.74730019, "Episodes": 217, "AverageReturn": -18.7, "AverageDiscountedReturn": -0.9896720030461369, "TDError^2": 0.006423100829124451}
{"Iteration": 33, "Steps": 1339999, "Epsilon": 0.74540019, "Episodes": 223, "AverageReturn": -18.8, "AverageDiscountedReturn": -0.9731600653178776, "TDError^2": 0.00568753108382225}
{"Iteration": 34, "Steps": 1349999, "Epsilon": 0.74350019, "Episodes": 228, "AverageReturn": -18.5, "AverageDiscountedReturn": -0.7113100974698703, "TDError^2": 0.0075927358120679855}
{"Iteration": 35, "Steps": 1359999, "Epsilon": 0.74160019, "Episodes": 234, "AverageReturn": -17.9, "AverageDiscountedReturn": -0.3002232907234884, "TDError^2": 0.006762175355106592}
{"Iteration": 36, "Steps": 1369999, "Epsilon": 0.73970019, "Episodes": 240, "AverageReturn": -18.4, "AverageDiscountedReturn": -0.6546847122455066, "TDError^2": 0.007284143473953009}
{"Iteration": 37, "Steps": 1379999, "Epsilon": 0.73780019, "Episodes": 246, "AverageReturn": -18.8, "AverageDiscountedReturn": -0.8088805643722011, "TDError^2": 0.005779787432402372}
{"Iteration": 38, "Steps": 1389999, "Epsilon": 0.73590019, "Episodes": 252, "AverageReturn": -18.5, "AverageDiscountedReturn": -0.7231506764893922, "TDError^2": 0.008867449127137661}
{"Iteration": 39, "Steps": 1399999, "Epsilon": 0.7340001899999999, "Episodes": 258, "AverageReturn": -18.2, "AverageDiscountedReturn": -0.5885773670422474, "TDError^2": 0.009528573602437973}
{"Iteration": 40, "Steps": 1409999, "Epsilon": 0.7321001899999999, "Episodes": 264, "AverageReturn": -18.9, "AverageDiscountedReturn": -0.564744393397991, "TDError^2": 0.009128307923674583}
{"Iteration": 41, "Steps": 1419999, "Epsilon": 0.7302001899999999, "Episodes": 270, "AverageReturn": -19.0, "AverageDiscountedReturn": -0.7927779296308107, "TDError^2": 0.008749178610742092}
{"Iteration": 42, "Steps": 1429999, "Epsilon": 0.72830019, "Episodes": 275, "AverageReturn": -18.5, "AverageDiscountedReturn": -0.6792586571448733, "TDError^2": 0.008567734621465206}
{"Iteration": 43, "Steps": 1439999, "Epsilon": 0.7264001900000001,